id_passageiro,modulo_estacao,classe_bilhete,nome_tripulante,idade,parentes_a_bordo,horas_treinamento,traje_pressurizado,tarifa_creditos,resgatado
1001,Laboratorio,1,Cap. Tripulante_0,44.7,2,114.9,Nao,163.47,0
1002,Engenharia,3,Ten. Tripulante_1,39.4,1,120.9,Nao,63.89,0
1003,Habitacao,3,Passag. Tripulante_2,40.2,2,143.5,Nao,64.72,0
1004,Habitacao,3,Ten. Tripulante_3,15.6,1,36.7,Sim,83.53,1
1005,Laboratorio,3,Cap. Tripulante_4,46.5,0,56.5,Nao,37.79,0
1006,Laboratorio,3,Passag. Tripulante_5,,1,75.4,Sim,73.96,1
1007,Comando,3,Eng. Tripulante_6,27.6,1,7.0,Nao,70.34,0
1008,Engenharia,3,Passag. Tripulante_7,33.7,2,45.9,Sim,53.19,1
1009,Habitacao,2,Dra. Tripulante_8,10.7,2,1.7,Nao,123.1,0
1010,Habitacao,2,Eng. Tripulante_9,36.9,1,34.4,Sim,124.76,1
1011,Comando,2,Dra. Tripulante_10,19.6,0,8.4,Nao,125.9,1
1012,Engenharia,3,Dra. Tripulante_11,15.8,0,10.1,Nao,43.48,1
1013,Engenharia,3,Passag. Tripulante_12,13.7,0,22.7,Nao,83.66,0
1014,Laboratorio,1,Ten. Tripulante_13,45.4,0,28.3,Nao,162.62,0
1015,Laboratorio,3,Passag. Tripulante_14,24.4,1,48.8,Nao,76.87,0
1016,Laboratorio,3,Eng. Tripulante_15,50.4,0,3.9,Nao,77.41,0
1017,Laboratorio,1,Eng. Tripulante_16,25.6,0,35.0,Nao,161.23,0
1018,Habitacao,3,Passag. Tripulante_17,11.5,0,10.1,Sim,76.6,0
1019,Laboratorio,3,Dra. Tripulante_18,18.6,1,42.7,Nao,66.15,0
1020,Laboratorio,1,Passag. Tripulante_19,46.8,2,50.7,Nao,149.29,0
1021,Habitacao,3,Passag. Tripulante_20,30.1,1,40.7,Sim,81.68,1
1022,Comando,2,Passag. Tripulante_21,,2,67.0,Nao,112.25,0
1023,Laboratorio,3,Passag. Tripulante_22,33.9,0,20.4,Sim,61.46,1
1024,Laboratorio,3,Dra. Tripulante_23,38.0,1,72.4,Sim,65.97,1
1025,Habitacao,3,Eng. Tripulante_24,45.4,0,28.3,Sim,72.72,1
1026,Habitacao,2,Cap. Tripulante_25,49.4,0,33.1,Sim,119.43,1
1027,Laboratorio,3,Passag. Tripulante_26,27.7,0,52.2,Nao,75.48,0
1028,Habitacao,3,Passag. Tripulante_27,16.1,1,0.9,Nao,56.61,0
1029,Habitacao,2,Cap. Tripulante_28,27.0,1,53.1,Nao,112.58,0
1030,Comando,3,Passag. Tripulante_29,35.1,0,48.2,Nao,68.84,1
1031,Habitacao,1,Ten. Tripulante_30,20.4,0,18.5,Sim,188.98,1
1032,Laboratorio,3,Passag. Tripulante_31,20.5,1,4.5,Nao,68.86,0
1033,Comando,2,Eng. Tripulante_32,36.1,2,4.8,Nao,130.85,0
1034,Engenharia,1,Passag. Tripulante_33,31.4,1,128.3,Nao,170.39,1
1035,Engenharia,1,Passag. Tripulante_34,32.4,0,58.4,Nao,165.16,0
1036,Engenharia,3,Eng. Tripulante_35,22.9,2,6.8,Nao,67.53,0
1037,Laboratorio,2,Ten. Tripulante_36,29.2,3,22.1,Nao,118.32,0
1038,Comando,3,Ten. Tripulante_37,,1,44.9,Nao,76.04,0
1039,Habitacao,1,Ten. Tripulante_38,42.7,1,90.3,Sim,183.75,1
1040,Laboratorio,2,Cap. Tripulante_39,44.4,1,2.2,Sim,123.6,1
1041,Comando,3,Passag. Tripulante_40,9.8,0,13.5,Nao,81.87,1
1042,Habitacao,3,Passag. Tripulante_41,20.8,0,110.2,Nao,60.35,1
1043,Comando,2,Passag. Tripulante_42,14.0,1,0.5,Nao,115.85,1
1044,Engenharia,3,Ten. Tripulante_43,24.2,1,11.2,Nao,62.76,0
1045,Laboratorio,3,Passag. Tripulante_44,31.0,0,159.7,Sim,73.14,0
1046,Habitacao,3,Passag. Tripulante_45,,0,47.5,Sim,66.41,1
1047,Laboratorio,2,Dra. Tripulante_46,20.9,1,15.2,Nao,127.3,0
1048,Habitacao,1,Passag. Tripulante_47,20.0,0,3.5,Nao,160.69,0
1049,Habitacao,3,Passag. Tripulante_48,34.5,0,1.4,Sim,70.43,1
1050,Laboratorio,1,Dra. Tripulante_49,32.8,0,14.0,Nao,176.87,0
1051,Engenharia,3,Eng. Tripulante_50,23.3,2,106.6,Nao,49.35,0
1052,Habitacao,3,Eng. Tripulante_51,34.1,2,26.9,Nao,91.22,0
1053,Engenharia,3,Ten. Tripulante_52,25.4,2,63.7,Nao,67.17,0
1054,Engenharia,3,Passag. Tripulante_53,28.7,0,125.2,Sim,49.75,1
1055,Habitacao,3,Passag. Tripulante_54,,2,26.2,Nao,71.58,0
1056,Engenharia,2,Passag. Tripulante_55,48.1,0,10.6,Nao,120.33,0
1057,Comando,3,Eng. Tripulante_56,16.4,1,36.4,Nao,69.18,1
1058,Laboratorio,2,Eng. Tripulante_57,42.0,2,119.3,Sim,129.91,1
1059,Comando,2,Passag. Tripulante_58,41.7,1,81.6,Nao,127.47,1
1060,Laboratorio,3,Passag. Tripulante_59,,0,3.4,Sim,72.98,1
1061,Laboratorio,3,Dra. Tripulante_60,41.8,0,59.0,Sim,74.5,1
1062,Laboratorio,3,Passag. Tripulante_61,50.5,2,42.4,Nao,68.96,0
1063,Engenharia,3,Passag. Tripulante_62,18.5,1,119.0,Sim,87.75,1
1064,Laboratorio,2,Eng. Tripulante_63,21.0,1,6.5,Nao,105.21,0
1065,Laboratorio,2,Dra. Tripulante_64,44.2,2,38.2,Sim,121.4,0
1066,Habitacao,3,Passag. Tripulante_65,35.3,0,105.8,Nao,70.65,1
1067,Comando,2,Ten. Tripulante_66,38.6,1,26.4,Sim,128.13,1
1068,Engenharia,1,Cap. Tripulante_67,36.1,0,32.9,Sim,161.56,1
1069,Comando,2,Ten. Tripulante_68,36.7,0,3.7,Sim,102.56,1
1070,Engenharia,2,Eng. Tripulante_69,16.1,0,16.3,Nao,121.57,0
1071,Habitacao,2,Passag. Tripulante_70,44.6,1,19.6,Nao,122.81,0
1072,Laboratorio,2,Passag. Tripulante_71,,2,145.1,Sim,134.9,1
1073,Comando,1,Ten. Tripulante_72,29.2,1,16.6,Nao,157.3,1
1074,Engenharia,1,Passag. Tripulante_73,31.5,0,30.9,Nao,181.55,1
1075,Habitacao,3,Passag. Tripulante_74,13.6,1,55.6,Nao,93.67,0
1076,Habitacao,2,Passag. Tripulante_75,38.2,0,8.8,Sim,116.22,1
1077,Habitacao,2,Ten. Tripulante_76,38.9,1,33.3,Nao,107.09,0
1078,Comando,3,Eng. Tripulante_77,31.3,0,67.1,Sim,65.93,1
1079,Laboratorio,2,Passag. Tripulante_78,45.5,3,100.8,Sim,120.14,1
1080,Comando,3,Passag. Tripulante_79,28.0,2,49.2,Nao,75.64,1
1081,Engenharia,3,Dra. Tripulante_80,,1,55.3,Nao,64.09,0
1082,Habitacao,1,Dra. Tripulante_81,19.8,0,6.7,Sim,185.55,1
1083,Laboratorio,2,Eng. Tripulante_82,,1,145.7,Sim,108.85,1
1084,Comando,3,Passag. Tripulante_83,29.9,1,7.1,Nao,52.61,0
1085,Laboratorio,3,Passag. Tripulante_84,34.7,2,74.5,Nao,81.07,0
1086,Laboratorio,2,Eng. Tripulante_85,27.6,0,15.4,Sim,97.25,1
1087,Habitacao,3,Ten. Tripulante_86,30.4,2,135.6,Nao,67.96,0
1088,Habitacao,1,Passag. Tripulante_87,41.9,0,63.6,Sim,201.18,1
1089,Engenharia,3,Passag. Tripulante_88,26.8,1,70.1,Sim,69.88,1
1090,Habitacao,2,Eng. Tripulante_89,,0,12.4,Nao,108.79,0
1091,Comando,3,Passag. Tripulante_90,53.0,1,29.3,Sim,69.43,1
1092,Habitacao,3,Passag. Tripulante_91,48.6,0,48.1,Sim,69.49,1
1093,Habitacao,3,Ten. Tripulante_92,16.5,0,73.5,Nao,71.61,0
1094,Habitacao,3,Passag. Tripulante_93,40.3,0,5.5,Nao,76.62,0
1095,Habitacao,2,Cap. Tripulante_94,26.0,0,164.0,Sim,109.61,1
1096,Habitacao,1,Passag. Tripulante_95,,1,110.5,Nao,186.88,0
1097,Habitacao,2,Passag. Tripulante_96,35.5,0,15.8,Nao,122.45,0
1098,Laboratorio,1,Passag. Tripulante_97,29.2,0,86.5,Sim,177.27,1
1099,Comando,3,Passag. Tripulante_98,22.6,1,36.5,Nao,63.72,1
1100,Comando,2,Eng. Tripulante_99,23.7,0,31.0,Sim,132.86,1
1101,Comando,1,Passag. Tripulante_100,21.0,2,18.9,Nao,167.43,1
1102,Habitacao,3,Passag. Tripulante_101,22.0,2,43.5,Nao,72.78,0
1103,Laboratorio,3,Ten. Tripulante_102,31.2,0,65.4,Nao,60.67,1
1104,Habitacao,3,Passag. Tripulante_103,23.4,1,26.5,Sim,60.03,0
1105,Engenharia,3,Passag. Tripulante_104,40.2,1,49.6,Nao,76.88,0
1106,Laboratorio,1,Eng. Tripulante_105,49.8,0,60.1,Nao,165.56,0
1107,Laboratorio,2,Passag. Tripulante_106,25.0,1,62.1,Sim,111.46,1
1108,Habitacao,3,Passag. Tripulante_107,34.9,1,2.7,Sim,63.57,1
1109,Laboratorio,3,Cap. Tripulante_108,38.0,0,98.2,Sim,76.99,1
1110,Comando,1,Passag. Tripulante_109,37.7,0,30.6,Nao,163.71,1
1111,Laboratorio,3,Ten. Tripulante_110,32.9,1,15.2,Nao,68.82,0
1112,Laboratorio,2,Ten. Tripulante_111,40.9,0,13.8,Sim,120.15,0
1113,Engenharia,2,Ten. Tripulante_112,37.8,0,33.0,Nao,100.83,1
1114,Engenharia,3,Passag. Tripulante_113,17.1,1,108.9,Nao,55.29,0
1115,Habitacao,3,Passag. Tripulante_114,,0,23.8,Nao,73.36,0
1116,Engenharia,3,Ten. Tripulante_115,42.6,0,69.3,Sim,62.63,0
1117,Engenharia,1,Eng. Tripulante_116,22.8,0,5.1,Nao,180.57,0
1118,Laboratorio,3,Passag. Tripulante_117,32.5,0,32.3,Sim,79.67,0
1119,Engenharia,2,Dra. Tripulante_118,40.2,0,239.5,Sim,127.19,1
1120,Habitacao,1,Passag. Tripulante_119,29.5,1,73.6,Nao,188.2,1
1121,Engenharia,3,Passag. Tripulante_120,,0,11.8,Sim,69.17,1
1122,Engenharia,3,Passag. Tripulante_121,60.4,0,34.8,Sim,76.49,1
1123,Laboratorio,3,Passag. Tripulante_122,22.6,3,13.3,Sim,64.16,1
1124,Comando,3,Eng. Tripulante_123,15.4,0,26.3,Sim,94.52,1
1125,Laboratorio,3,Passag. Tripulante_124,35.6,0,75.7,Sim,89.84,1
1126,Laboratorio,3,Passag. Tripulante_125,40.7,0,73.8,Nao,70.12,1
1127,Engenharia,1,Passag. Tripulante_126,,1,12.9,Sim,173.87,1
1128,Engenharia,2,Ten. Tripulante_127,49.4,2,127.7,Sim,133.59,1
1129,Comando,2,Passag. Tripulante_128,15.9,1,44.9,Sim,118.53,1
1130,Habitacao,2,Eng. Tripulante_129,40.3,0,23.9,Nao,113.43,0
1131,Laboratorio,3,Ten. Tripulante_130,24.7,1,34.9,Nao,78.74,0
1132,Laboratorio,2,Dra. Tripulante_131,52.6,0,46.5,Sim,120.78,0
1133,Comando,1,Passag. Tripulante_132,55.9,0,41.0,Nao,171.83,1
1134,Laboratorio,2,Passag. Tripulante_133,22.8,2,33.3,Sim,111.66,1
1135,Engenharia,3,Passag. Tripulante_134,,1,35.2,Sim,52.82,0
1136,Laboratorio,1,Passag. Tripulante_135,,0,9.7,Sim,172.36,1
1137,Habitacao,3,Dra. Tripulante_136,27.4,3,83.8,Sim,79.05,1
1138,Habitacao,2,Passag. Tripulante_137,31.5,1,39.0,Sim,117.74,1
1139,Laboratorio,2,Ten. Tripulante_138,32.3,1,7.0,Nao,134.36,0
1140,Engenharia,3,Passag. Tripulante_139,9.0,1,72.7,Sim,62.96,1
1141,Engenharia,3,Passag. Tripulante_140,31.8,0,134.7,Nao,59.45,1
1142,Laboratorio,2,Passag. Tripulante_141,,1,147.2,Sim,119.33,1
1143,Habitacao,3,Passag. Tripulante_142,,2,23.0,Sim,69.17,0
1144,Laboratorio,3,Eng. Tripulante_143,,1,7.3,Nao,77.7,0
1145,Laboratorio,2,Eng. Tripulante_144,16.9,0,36.5,Nao,112.25,0
1146,Comando,3,Passag. Tripulante_145,41.8,0,6.0,Sim,83.68,1
1147,Habitacao,3,Eng. Tripulante_146,28.7,1,135.9,Nao,89.67,1
1148,Habitacao,3,Eng. Tripulante_147,,0,10.1,Sim,69.61,0
1149,Comando,3,Eng. Tripulante_148,41.5,1,14.6,Sim,82.5,1
1150,Laboratorio,3,Passag. Tripulante_149,36.1,0,26.1,Sim,59.44,1
1151,Engenharia,3,Eng. Tripulante_150,38.8,1,24.2,Sim,80.75,1
1152,Laboratorio,3,Ten. Tripulante_151,,3,79.2,Sim,80.47,1
1153,Comando,3,Passag. Tripulante_152,28.0,3,30.5,Sim,78.63,1
1154,Habitacao,3,Passag. Tripulante_153,24.7,2,9.4,Nao,69.84,0
1155,Engenharia,3,Ten. Tripulante_154,19.0,1,15.5,Sim,40.46,1
1156,Laboratorio,3,Ten. Tripulante_155,22.1,1,35.6,Nao,63.58,1
1157,Habitacao,1,Ten. Tripulante_156,67.4,1,8.0,Sim,163.74,1
1158,Habitacao,3,Eng. Tripulante_157,46.9,0,47.3,Nao,60.22,1
1159,Laboratorio,3,Eng. Tripulante_158,15.8,0,41.7,Nao,71.22,0
1160,Habitacao,1,Passag. Tripulante_159,16.1,1,62.7,Sim,165.81,1
1161,Laboratorio,3,Passag. Tripulante_160,37.8,2,138.8,Sim,61.75,1
1162,Habitacao,1,Passag. Tripulante_161,38.6,0,121.7,Nao,159.41,1
1163,Habitacao,2,Eng. Tripulante_162,38.6,0,146.0,Nao,112.84,0
1164,Habitacao,3,Passag. Tripulante_163,28.9,2,14.0,Sim,81.21,1
1165,Comando,1,Eng. Tripulante_164,,0,7.1,Sim,163.39,1
1166,Engenharia,3,Passag. Tripulante_165,,3,18.0,Nao,64.85,0
1167,Laboratorio,3,Passag. Tripulante_166,33.0,0,112.7,Sim,65.43,1
1168,Laboratorio,3,Ten. Tripulante_167,5.4,0,178.9,Nao,73.39,1
1169,Comando,1,Passag. Tripulante_168,29.2,0,98.1,Sim,174.56,1
1170,Habitacao,2,Eng. Tripulante_169,21.8,0,5.8,Sim,89.55,1
1171,Habitacao,3,Passag. Tripulante_170,34.1,0,147.3,Nao,80.22,0
1172,Comando,3,Dra. Tripulante_171,,0,27.5,Nao,84.36,1
1173,Habitacao,3,Ten. Tripulante_172,36.4,0,0.5,Sim,59.5,0
1174,Laboratorio,2,Passag. Tripulante_173,28.2,3,29.2,Nao,110.28,0
1175,Habitacao,3,Ten. Tripulante_174,,0,2.4,Nao,65.5,0
1176,Laboratorio,3,Passag. Tripulante_175,37.8,1,39.2,Nao,62.44,1
1177,Habitacao,3,Cap. Tripulante_176,37.0,1,20.7,Sim,72.24,1
1178,Laboratorio,1,Passag. Tripulante_177,39.3,1,32.1,Nao,150.53,0
1179,Engenharia,3,Passag. Tripulante_178,56.7,0,47.5,Nao,58.82,0
1180,Comando,3,Passag. Tripulante_179,18.4,1,101.6,Nao,85.39,1
1181,Laboratorio,3,Eng. Tripulante_180,37.7,2,54.2,Nao,60.72,0
1182,Comando,2,Ten. Tripulante_181,,2,28.5,Sim,132.43,1
1183,Engenharia,3,Dra. Tripulante_182,38.7,2,85.6,Nao,73.55,0
1184,Engenharia,3,Eng. Tripulante_183,21.0,0,118.0,Nao,51.91,0
1185,Laboratorio,1,Passag. Tripulante_184,27.0,3,6.4,Sim,176.35,1
1186,Habitacao,3,Passag. Tripulante_185,28.5,0,38.0,Nao,68.82,0
1187,Engenharia,3,Passag. Tripulante_186,43.7,0,16.7,Sim,65.45,1
1188,Habitacao,1,Passag. Tripulante_187,43.0,2,2.4,Nao,172.45,1
1189,Habitacao,2,Passag. Tripulante_188,,0,55.2,Sim,124.75,1
1190,Laboratorio,3,Passag. Tripulante_189,32.7,0,99.3,Nao,77.08,1
1191,Comando,1,Cap. Tripulante_190,23.5,1,8.9,Nao,181.78,1
1192,Engenharia,3,Passag. Tripulante_191,16.9,1,83.7,Nao,74.08,0
1193,Engenharia,2,Passag. Tripulante_192,29.4,1,96.0,Nao,106.24,0
1194,Habitacao,3,Passag. Tripulante_193,28.3,1,122.9,Nao,65.26,0
1195,Laboratorio,1,Ten. Tripulante_194,61.1,1,15.4,Sim,199.43,1
1196,Laboratorio,3,Eng. Tripulante_195,37.2,2,117.1,Nao,77.24,1
1197,Habitacao,3,Eng. Tripulante_196,15.5,0,19.3,Nao,93.69,0
1198,Engenharia,3,Passag. Tripulante_197,25.2,0,40.2,Nao,83.95,0
1199,Engenharia,3,Passag. Tripulante_198,44.3,0,2.6,Sim,72.42,1
1200,Habitacao,1,Eng. Tripulante_199,57.1,1,2.2,Nao,173.01,0
1201,Habitacao,3,Passag. Tripulante_200,13.0,3,63.7,Nao,69.63,0
1202,Comando,1,Ten. Tripulante_201,9.4,1,29.4,Nao,152.62,1
1203,Laboratorio,1,Eng. Tripulante_202,54.5,2,14.8,Sim,170.18,1
1204,Engenharia,2,Dra. Tripulante_203,36.7,0,10.6,Sim,132.11,1
1205,Habitacao,2,Passag. Tripulante_204,21.6,2,55.4,Nao,114.0,0
1206,Comando,3,Passag. Tripulante_205,38.4,1,0.0,Sim,74.12,1
1207,Comando,3,Cap. Tripulante_206,1.0,0,82.0,Nao,78.52,1
1208,Habitacao,2,Passag. Tripulante_207,32.0,3,4.1,Sim,110.9,0
1209,Comando,2,Cap. Tripulante_208,35.9,1,10.6,Nao,115.49,0
1210,Laboratorio,3,Passag. Tripulante_209,,0,24.4,Sim,59.82,1
1211,Habitacao,2,Passag. Tripulante_210,19.8,1,33.2,Nao,111.78,0
1212,Habitacao,2,Passag. Tripulante_211,33.0,1,21.9,Nao,107.12,0
1213,Habitacao,1,Dra. Tripulante_212,20.9,0,19.3,Sim,161.0,1
1214,Laboratorio,3,Passag. Tripulante_213,35.1,0,166.1,Sim,84.19,1
1215,Habitacao,3,Passag. Tripulante_214,21.3,0,51.3,Sim,60.85,0
1216,Laboratorio,2,Eng. Tripulante_215,27.1,0,1.2,Nao,121.26,0
1217,Laboratorio,1,Passag. Tripulante_216,20.1,2,28.1,Nao,164.97,1
1218,Habitacao,3,Cap. Tripulante_217,39.8,0,104.0,Nao,81.79,0
1219,Habitacao,3,Passag. Tripulante_218,42.3,2,17.9,Nao,83.11,0
1220,Engenharia,2,Ten. Tripulante_219,29.2,0,5.0,Nao,128.64,0
1221,Habitacao,3,Passag. Tripulante_220,32.5,1,71.0,Sim,73.06,1
1222,Habitacao,1,Passag. Tripulante_221,14.6,0,46.6,Sim,167.69,1
1223,Comando,2,Dra. Tripulante_222,28.4,2,42.2,Sim,108.08,1
1224,Laboratorio,3,Ten. Tripulante_223,31.4,2,2.8,Nao,89.44,0
1225,Laboratorio,2,Dra. Tripulante_224,63.4,0,7.6,Nao,112.4,0
1226,Laboratorio,3,Eng. Tripulante_225,18.7,0,48.7,Sim,76.64,1
1227,Engenharia,2,Eng. Tripulante_226,49.6,0,11.6,Nao,130.6,0
1228,Laboratorio,2,Passag. Tripulante_227,44.0,3,35.1,Nao,114.45,0
1229,Engenharia,3,Cap. Tripulante_228,35.4,0,39.4,Nao,80.38,0
1230,Habitacao,2,Cap. Tripulante_229,53.1,0,16.7,Sim,127.64,1
1231,Habitacao,3,Passag. Tripulante_230,36.5,2,148.2,Sim,87.28,1
1232,Habitacao,2,Dra. Tripulante_231,36.7,3,92.4,Nao,115.31,0
1233,Habitacao,2,Passag. Tripulante_232,31.4,2,64.1,Nao,107.14,1
1234,Habitacao,1,Passag. Tripulante_233,46.7,1,4.1,Nao,164.95,0
1235,Laboratorio,3,Passag. Tripulante_234,45.2,1,5.6,Sim,72.09,0
1236,Habitacao,2,Passag. Tripulante_235,24.5,1,33.9,Sim,120.58,0
1237,Laboratorio,3,Passag. Tripulante_236,16.2,1,8.8,Nao,66.07,0
1238,Comando,2,Ten. Tripulante_237,29.6,0,191.4,Nao,100.91,0
1239,Habitacao,3,Dra. Tripulante_238,22.4,2,8.6,Nao,74.7,0
1240,Laboratorio,1,Ten. Tripulante_239,31.2,0,33.4,Nao,189.72,0
1241,Engenharia,3,Passag. Tripulante_240,,1,22.6,Sim,74.64,0
1242,Engenharia,3,Dra. Tripulante_241,26.5,1,51.0,Nao,76.09,0
1243,Engenharia,3,Passag. Tripulante_242,31.5,1,6.9,Nao,75.72,0
1244,Laboratorio,3,Passag. Tripulante_243,32.7,0,28.1,Sim,73.97,1
1245,Comando,3,Passag. Tripulante_244,42.2,1,16.1,Nao,79.32,0
1246,Engenharia,3,Passag. Tripulante_245,5.0,1,109.4,Sim,73.95,1
1247,Laboratorio,1,Dra. Tripulante_246,24.7,0,2.1,Sim,166.87,1
1248,Engenharia,1,Passag. Tripulante_247,34.5,0,122.5,Sim,162.04,1
1249,Engenharia,3,Passag. Tripulante_248,46.4,1,89.5,Sim,67.51,1
1250,Engenharia,3,Ten. Tripulante_249,26.1,0,17.7,Sim,73.14,0
1251,Laboratorio,3,Dra. Tripulante_250,9.5,0,77.9,Nao,66.84,1
1252,Laboratorio,2,Passag. Tripulante_251,39.4,1,1.6,Nao,123.14,0
1253,Engenharia,1,Passag. Tripulante_252,24.4,1,170.4,Nao,174.39,1
1254,Laboratorio,1,Passag. Tripulante_253,17.7,1,37.4,Sim,178.33,1
1255,Laboratorio,3,Passag. Tripulante_254,24.5,2,18.1,Sim,82.83,1
1256,Habitacao,2,Passag. Tripulante_255,29.8,1,22.5,Nao,120.78,0
1257,Engenharia,2,Passag. Tripulante_256,24.7,2,3.4,Sim,106.92,1
1258,Habitacao,2,Eng. Tripulante_257,,0,227.1,Sim,116.55,1
1259,Habitacao,1,Eng. Tripulante_258,42.8,0,2.0,Nao,170.44,0
1260,Comando,3,Eng. Tripulante_259,47.3,0,53.2,Nao,51.64,1
1261,Habitacao,2,Passag. Tripulante_260,39.8,0,29.2,Nao,133.89,0
1262,Engenharia,3,Passag. Tripulante_261,,0,148.7,Nao,71.42,0
1263,Comando,2,Passag. Tripulante_262,29.6,0,14.1,Sim,123.81,1
1264,Habitacao,2,Eng. Tripulante_263,31.9,1,38.0,Nao,133.66,0
1265,Engenharia,1,Passag. Tripulante_264,39.2,0,32.9,Sim,163.7,1
1266,Habitacao,1,Passag. Tripulante_265,40.0,1,60.7,Nao,175.74,1
1267,Habitacao,2,Passag. Tripulante_266,,0,3.5,Sim,118.9,1
1268,Habitacao,2,Passag. Tripulante_267,33.0,0,10.8,Nao,118.16,0
1269,Laboratorio,3,Ten. Tripulante_268,37.5,2,12.1,Sim,62.28,1
1270,Laboratorio,2,Passag. Tripulante_269,49.5,1,67.0,Nao,136.66,0
1271,Engenharia,3,Ten. Tripulante_270,40.5,2,10.5,Nao,66.24,0
1272,Engenharia,3,Eng. Tripulante_271,41.5,0,42.6,Nao,76.99,0
1273,Engenharia,3,Eng. Tripulante_272,33.0,0,12.1,Nao,51.25,0
1274,Engenharia,1,Passag. Tripulante_273,,1,98.9,Nao,181.8,1
1275,Habitacao,2,Passag. Tripulante_274,36.9,3,142.5,Nao,130.52,0
1276,Habitacao,1,Passag. Tripulante_275,21.7,4,36.5,Nao,170.97,1
1277,Habitacao,2,Passag. Tripulante_276,48.8,0,21.7,Nao,117.73,0
1278,Habitacao,3,Passag. Tripulante_277,40.4,1,13.3,Nao,74.0,0
1279,Habitacao,1,Passag. Tripulante_278,26.7,2,2.6,Nao,192.89,0
1280,Habitacao,2,Dra. Tripulante_279,26.2,1,15.6,Nao,102.37,0
1281,Engenharia,3,Cap. Tripulante_280,35.6,0,53.1,Nao,77.82,0
1282,Laboratorio,3,Eng. Tripulante_281,37.6,0,38.1,Nao,60.88,0
1283,Laboratorio,3,Eng. Tripulante_282,34.4,3,144.2,Nao,69.8,0
1284,Comando,1,Dra. Tripulante_283,35.7,2,25.2,Nao,167.52,1
1285,Habitacao,2,Ten. Tripulante_284,52.4,0,59.2,Sim,115.72,1
1286,Comando,3,Cap. Tripulante_285,44.9,0,33.6,Nao,69.9,1
1287,Habitacao,1,Passag. Tripulante_286,34.3,2,35.9,Nao,158.66,0
1288,Habitacao,2,Eng. Tripulante_287,43.3,0,15.6,Nao,130.29,0
1289,Laboratorio,1,Eng. Tripulante_288,19.6,1,30.3,Nao,152.06,1
1290,Habitacao,1,Ten. Tripulante_289,36.8,0,31.8,Sim,175.4,1
1291,Comando,2,Passag. Tripulante_290,53.7,1,61.3,Nao,116.73,1
1292,Comando,1,Cap. Tripulante_291,29.4,1,141.2,Nao,158.29,1
1293,Engenharia,3,Ten. Tripulante_292,,1,20.0,Nao,72.02,0
1294,Laboratorio,3,Passag. Tripulante_293,,1,2.2,Sim,54.43,0
1295,Comando,3,Dra. Tripulante_294,18.9,0,34.3,Nao,70.4,0
1296,Habitacao,2,Dra. Tripulante_295,22.6,1,39.3,Nao,105.77,0
1297,Habitacao,1,Ten. Tripulante_296,27.6,2,9.2,Sim,174.61,1
1298,Laboratorio,1,Dra. Tripulante_297,15.1,0,71.5,Sim,160.76,1
1299,Habitacao,3,Ten. Tripulante_298,32.2,3,209.7,Sim,65.49,1
1300,Comando,3,Eng. Tripulante_299,42.8,1,145.7,Nao,72.94,1
1301,Comando,1,Passag. Tripulante_300,,2,11.0,Sim,162.27,1
1302,Habitacao,3,Passag. Tripulante_301,50.2,0,104.1,Sim,69.42,1
1303,Habitacao,1,Passag. Tripulante_302,38.1,0,61.0,Nao,154.86,0
1304,Habitacao,3,Cap. Tripulante_303,44.4,0,30.2,Sim,76.31,1
1305,Habitacao,3,Passag. Tripulante_304,24.1,1,38.9,Sim,87.65,1
1306,Engenharia,3,Eng. Tripulante_305,,0,94.7,Nao,97.92,1
1307,Habitacao,3,Dra. Tripulante_306,18.9,0,32.7,Nao,70.91,0
1308,Laboratorio,3,Passag. Tripulante_307,42.7,2,23.4,Nao,77.88,0
1309,Habitacao,2,Ten. Tripulante_308,34.1,0,34.0,Nao,102.19,0
1310,Laboratorio,3,Eng. Tripulante_309,38.6,2,43.3,Nao,85.03,0
1311,Laboratorio,1,Passag. Tripulante_310,17.9,0,10.5,Nao,177.76,1
1312,Comando,3,Passag. Tripulante_311,21.3,0,115.6,Sim,65.16,1
1313,Comando,3,Eng. Tripulante_312,39.2,0,56.1,Sim,82.37,1
1314,Engenharia,3,Passag. Tripulante_313,20.6,2,50.2,Nao,67.46,0
1315,Engenharia,2,Passag. Tripulante_314,37.6,1,5.2,Sim,115.42,0
1316,Habitacao,3,Ten. Tripulante_315,15.6,2,46.3,Nao,74.75,0
1317,Laboratorio,3,Cap. Tripulante_316,42.2,0,6.4,Nao,59.37,0
1318,Laboratorio,3,Eng. Tripulante_317,,1,4.1,Sim,80.22,0
1319,Laboratorio,1,Eng. Tripulante_318,38.6,0,37.5,Sim,159.44,1
1320,Laboratorio,1,Eng. Tripulante_319,39.5,2,25.8,Sim,159.5,1
1321,Habitacao,2,Passag. Tripulante_320,23.6,1,44.4,Nao,110.9,0
1322,Habitacao,1,Passag. Tripulante_321,39.0,2,4.7,Nao,177.6,0
1323,Habitacao,3,Passag. Tripulante_322,35.1,0,28.2,Nao,63.83,0
1324,Laboratorio,2,Eng. Tripulante_323,25.5,1,9.6,Sim,106.52,1
1325,Engenharia,3,Passag. Tripulante_324,19.9,0,217.5,Nao,63.94,0
1326,Habitacao,2,Passag. Tripulante_325,8.4,0,41.2,Nao,119.68,0
1327,Habitacao,1,Passag. Tripulante_326,36.2,0,58.1,Sim,158.19,1
1328,Habitacao,3,Dra. Tripulante_327,13.2,0,19.7,Nao,58.48,0
1329,Laboratorio,3,Passag. Tripulante_328,33.1,1,5.0,Nao,91.11,0
1330,Laboratorio,2,Dra. Tripulante_329,28.8,0,186.2,Sim,111.39,1
1331,Laboratorio,3,Cap. Tripulante_330,40.1,1,16.9,Nao,66.77,0
1332,Habitacao,3,Dra. Tripulante_331,28.4,1,27.6,Sim,66.33,1
1333,Comando,2,Passag. Tripulante_332,28.0,3,52.5,Nao,115.79,0
1334,Comando,3,Passag. Tripulante_333,40.8,1,1.3,Sim,76.21,1
1335,Comando,3,Ten. Tripulante_334,36.0,0,83.1,Nao,79.48,1
1336,Comando,3,Eng. Tripulante_335,35.8,0,38.5,Nao,66.94,1
1337,Engenharia,1,Eng. Tripulante_336,37.6,1,16.3,Nao,157.64,0
1338,Habitacao,3,Eng. Tripulante_337,13.6,1,3.2,Nao,82.74,0
1339,Habitacao,1,Ten. Tripulante_338,41.1,0,8.9,Nao,169.05,0
1340,Comando,1,Eng. Tripulante_339,39.3,1,112.7,Nao,187.3,1
1341,Habitacao,2,Passag. Tripulante_340,19.8,1,57.9,Nao,97.54,0
1342,Habitacao,2,Dra. Tripulante_341,29.1,2,14.4,Nao,121.95,0
1343,Laboratorio,3,Dra. Tripulante_342,31.5,0,3.4,Nao,89.19,1
1344,Laboratorio,3,Eng. Tripulante_343,30.4,2,58.7,Nao,66.47,0
1345,Laboratorio,3,Passag. Tripulante_344,36.0,0,42.5,Nao,67.75,0
1346,Habitacao,2,Passag. Tripulante_345,49.2,2,25.9,Nao,122.96,0
1347,Habitacao,2,Passag. Tripulante_346,45.0,1,22.6,Nao,114.41,0
1348,Comando,2,Eng. Tripulante_347,16.3,1,12.2,Sim,116.88,1
1349,Laboratorio,3,Passag. Tripulante_348,39.5,2,55.4,Sim,66.62,1
1350,Habitacao,1,Dra. Tripulante_349,47.9,2,176.5,Sim,163.73,1
1351,Habitacao,3,Passag. Tripulante_350,36.6,1,9.7,Nao,82.29,0
1352,Engenharia,3,Passag. Tripulante_351,45.1,1,45.5,Sim,74.61,0
1353,Habitacao,2,Passag. Tripulante_352,56.1,0,27.6,Nao,122.51,0
1354,Laboratorio,3,Passag. Tripulante_353,44.3,1,29.6,Nao,78.09,0
1355,Comando,2,Passag. Tripulante_354,35.0,1,14.7,Sim,117.36,1
1356,Habitacao,3,Ten. Tripulante_355,44.5,2,87.2,Nao,62.26,0
1357,Comando,3,Passag. Tripulante_356,33.7,1,33.2,Sim,63.97,1
1358,Habitacao,2,Dra. Tripulante_357,32.3,0,39.2,Sim,120.02,1
1359,Engenharia,2,Passag. Tripulante_358,27.8,0,18.2,Nao,109.41,0
1360,Habitacao,3,Ten. Tripulante_359,50.8,1,10.0,Nao,65.0,0
1361,Laboratorio,3,Dra. Tripulante_360,22.2,1,4.5,Nao,64.84,0
1362,Habitacao,2,Eng. Tripulante_361,50.4,0,62.6,Sim,141.25,1
1363,Habitacao,3,Cap. Tripulante_362,38.0,0,10.9,Nao,42.26,0
1364,Habitacao,3,Eng. Tripulante_363,15.2,2,58.6,Sim,68.2,1
1365,Engenharia,3,Passag. Tripulante_364,36.4,1,24.7,Sim,87.26,1
1366,Laboratorio,1,Dra. Tripulante_365,,2,26.9,Sim,171.22,1
1367,Engenharia,3,Ten. Tripulante_366,39.5,1,31.7,Sim,77.53,1
1368,Engenharia,3,Passag. Tripulante_367,42.6,1,22.9,Sim,71.0,1
1369,Laboratorio,1,Eng. Tripulante_368,24.9,1,5.3,Sim,163.33,1
1370,Comando,2,Passag. Tripulante_369,33.5,2,18.5,Nao,97.58,0
1371,Comando,3,Passag. Tripulante_370,55.4,2,54.5,Sim,72.05,1
1372,Comando,1,Passag. Tripulante_371,25.9,0,54.8,Sim,162.24,1
1373,Comando,3,Passag. Tripulante_372,19.3,0,16.9,Sim,62.0,1
1374,Habitacao,2,Eng. Tripulante_373,49.8,1,30.8,Nao,115.01,0
1375,Comando,2,Passag. Tripulante_374,55.6,2,10.7,Sim,137.45,1
1376,Laboratorio,3,Cap. Tripulante_375,32.0,0,11.8,Nao,94.05,0
1377,Engenharia,2,Eng. Tripulante_376,44.1,0,1.2,Nao,122.17,0
1378,Comando,3,Passag. Tripulante_377,48.1,0,113.5,Sim,65.35,1
1379,Engenharia,2,Eng. Tripulante_378,23.1,0,11.8,Nao,108.23,0
1380,Laboratorio,3,Passag. Tripulante_379,26.2,0,12.9,Sim,74.69,1
1381,Comando,1,Passag. Tripulante_380,46.8,2,16.4,Nao,187.83,1
1382,Habitacao,2,Passag. Tripulante_381,52.2,0,6.8,Nao,117.53,0
1383,Habitacao,3,Passag. Tripulante_382,38.8,0,51.0,Sim,46.21,1
1384,Engenharia,2,Eng. Tripulante_383,21.4,2,3.9,Sim,126.7,1
1385,Habitacao,3,Eng. Tripulante_384,55.8,0,7.2,Nao,79.85,0
1386,Engenharia,2,Passag. Tripulante_385,25.6,2,51.7,Nao,104.14,0
1387,Laboratorio,3,Eng. Tripulante_386,28.0,1,20.8,Sim,71.76,1
1388,Laboratorio,1,Passag. Tripulante_387,36.1,0,61.5,Nao,174.51,0
1389,Habitacao,3,Passag. Tripulante_388,50.6,2,40.8,Nao,69.27,0
1390,Engenharia,2,Passag. Tripulante_389,42.2,1,14.8,Nao,112.09,0
1391,Engenharia,2,Eng. Tripulante_390,37.0,1,52.6,Sim,130.16,1
1392,Laboratorio,1,Ten. Tripulante_391,37.6,2,6.2,Nao,165.97,0
1393,Laboratorio,1,Eng. Tripulante_392,32.5,3,38.4,Nao,155.15,1
1394,Habitacao,3,Ten. Tripulante_393,38.7,2,28.7,Sim,49.51,1
1395,Laboratorio,2,Passag. Tripulante_394,1.6,1,15.6,Nao,132.61,0
1396,Engenharia,3,Eng. Tripulante_395,28.4,0,46.3,Nao,76.17,0
1397,Engenharia,2,Ten. Tripulante_396,34.9,1,102.5,Nao,120.88,0
1398,Laboratorio,2,Dra. Tripulante_397,18.2,1,340.8,Sim,115.6,1
1399,Habitacao,3,Passag. Tripulante_398,36.6,1,46.8,Nao,64.71,0
1400,Habitacao,3,Passag. Tripulante_399,29.5,0,25.9,Sim,59.24,1
1401,Comando,1,Eng. Tripulante_400,53.1,0,12.8,Nao,165.69,1
1402,Engenharia,1,Dra. Tripulante_401,50.9,2,14.9,Sim,148.8,1
1403,Habitacao,1,Eng. Tripulante_402,26.4,1,32.6,Nao,162.64,1
1404,Engenharia,3,Eng. Tripulante_403,30.2,1,22.9,Nao,66.89,0
1405,Laboratorio,3,Passag. Tripulante_404,,1,122.6,Sim,76.1,1
1406,Engenharia,2,Passag. Tripulante_405,26.6,1,23.0,Nao,119.6,0
1407,Laboratorio,3,Eng. Tripulante_406,34.3,1,23.4,Nao,77.95,0
1408,Comando,3,Ten. Tripulante_407,22.9,0,24.2,Sim,83.49,1
1409,Engenharia,3,Passag. Tripulante_408,18.4,1,90.6,Nao,80.58,0
1410,Comando,3,Eng. Tripulante_409,39.5,2,52.6,Nao,74.71,1
1411,Laboratorio,2,Passag. Tripulante_410,39.6,2,47.6,Sim,120.12,1
1412,Engenharia,1,Ten. Tripulante_411,22.3,1,20.3,Sim,160.19,1
1413,Engenharia,2,Eng. Tripulante_412,42.7,3,85.2,Sim,127.4,1
1414,Habitacao,1,Dra. Tripulante_413,24.4,1,2.0,Sim,186.8,1
1415,Habitacao,3,Passag. Tripulante_414,35.0,0,102.3,Nao,73.42,0
1416,Laboratorio,3,Passag. Tripulante_415,41.8,1,35.9,Sim,89.17,0
1417,Laboratorio,1,Eng. Tripulante_416,31.6,0,25.4,Nao,154.74,1
1418,Laboratorio,1,Dra. Tripulante_417,37.5,0,34.4,Nao,158.46,0
1419,Habitacao,2,Dra. Tripulante_418,25.8,2,55.0,Sim,128.55,1
1420,Habitacao,3,Eng. Tripulante_419,29.6,0,0.6,Nao,72.64,0
1421,Habitacao,2,Ten. Tripulante_420,29.5,0,102.6,Nao,133.14,0
1422,Habitacao,3,Dra. Tripulante_421,23.0,1,29.6,Nao,69.85,1
1423,Comando,1,Passag. Tripulante_422,29.9,1,21.0,Sim,161.32,1
1424,Habitacao,1,Eng. Tripulante_423,13.4,1,7.4,Sim,167.86,1
1425,Comando,3,Cap. Tripulante_424,26.1,1,28.9,Nao,54.67,0
1426,Habitacao,3,Passag. Tripulante_425,28.6,1,34.3,Nao,58.71,0
1427,Laboratorio,1,Ten. Tripulante_426,28.9,2,25.8,Nao,179.72,1
1428,Engenharia,3,Passag. Tripulante_427,29.1,2,56.8,Nao,78.73,0
1429,Laboratorio,3,Eng. Tripulante_428,31.3,0,27.3,Sim,73.63,0
1430,Comando,3,Passag. Tripulante_429,37.8,0,162.7,Nao,52.79,1
1431,Comando,2,Passag. Tripulante_430,,2,45.7,Sim,116.42,1
1432,Habitacao,3,Passag. Tripulante_431,24.2,1,82.4,Sim,57.75,1
1433,Habitacao,2,Passag. Tripulante_432,17.6,3,5.8,Nao,131.77,0
1434,Comando,3,Cap. Tripulante_433,19.5,0,25.3,Sim,64.16,1
1435,Comando,1,Passag. Tripulante_434,26.2,1,20.5,Nao,159.14,1
1436,Habitacao,1,Eng. Tripulante_435,27.8,1,42.1,Nao,170.3,1
1437,Comando,2,Eng. Tripulante_436,22.8,2,98.7,Sim,113.6,1
1438,Engenharia,3,Eng. Tripulante_437,16.4,0,4.1,Nao,84.84,0
1439,Habitacao,2,Passag. Tripulante_438,26.5,1,3.8,Nao,112.65,0
1440,Comando,3,Ten. Tripulante_439,34.2,0,95.0,Nao,56.01,1
1441,Comando,3,Passag. Tripulante_440,39.1,1,12.0,Sim,48.47,1
1442,Engenharia,1,Passag. Tripulante_441,,0,55.2,Sim,169.69,1
1443,Laboratorio,3,Passag. Tripulante_442,27.0,0,39.1,Nao,64.38,0
1444,Laboratorio,2,Passag. Tripulante_443,20.9,0,89.5,Sim,105.71,1
1445,Engenharia,3,Eng. Tripulante_444,31.6,1,6.7,Sim,81.89,1
1446,Engenharia,1,Eng. Tripulante_445,21.8,0,7.0,Nao,176.67,0
1447,Engenharia,3,Cap. Tripulante_446,38.9,1,40.7,Sim,69.72,0
1448,Habitacao,3,Ten. Tripulante_447,10.6,0,146.3,Nao,83.64,1
1449,Laboratorio,3,Dra. Tripulante_448,27.7,0,26.8,Sim,76.63,1
1450,Comando,3,Eng. Tripulante_449,35.6,1,19.8,Nao,61.77,1
1451,Habitacao,2,Cap. Tripulante_450,34.2,0,46.7,Nao,109.61,1
1452,Habitacao,3,Passag. Tripulante_451,64.3,0,133.3,Sim,78.18,0
1453,Laboratorio,3,Passag. Tripulante_452,36.2,1,90.7,Sim,73.96,1
1454,Engenharia,3,Eng. Tripulante_453,20.0,0,270.0,Nao,71.7,1
1455,Comando,1,Passag. Tripulante_454,30.9,0,1.1,Nao,161.54,1
1456,Habitacao,3,Ten. Tripulante_455,,1,6.0,Nao,76.08,0
1457,Comando,3,Eng. Tripulante_456,31.0,0,47.0,Sim,62.45,1
1458,Habitacao,3,Passag. Tripulante_457,22.0,1,85.9,Sim,68.98,1
1459,Comando,2,Eng. Tripulante_458,43.0,0,16.8,Nao,134.47,0
1460,Comando,3,Eng. Tripulante_459,25.4,1,13.7,Nao,63.39,0
1461,Comando,2,Passag. Tripulante_460,30.6,1,77.3,Nao,104.27,1
1462,Habitacao,3,Passag. Tripulante_461,24.4,1,2.9,Nao,59.47,0
1463,Habitacao,1,Passag. Tripulante_462,52.9,1,23.1,Nao,179.94,0
1464,Habitacao,3,Passag. Tripulante_463,28.1,1,35.2,Nao,72.55,0
1465,Engenharia,3,Passag. Tripulante_464,54.0,1,41.1,Sim,68.71,0
1466,Laboratorio,1,Ten. Tripulante_465,41.8,1,65.2,Nao,164.91,0
1467,Laboratorio,3,Eng. Tripulante_466,37.8,0,21.9,Nao,74.85,1
1468,Engenharia,2,Dra. Tripulante_467,36.4,1,47.4,Sim,111.51,1
1469,Laboratorio,3,Eng. Tripulante_468,36.7,0,44.0,Nao,73.06,0
1470,Engenharia,3,Passag. Tripulante_469,8.9,2,39.7,Nao,62.69,0
1471,Comando,3,Ten. Tripulante_470,28.7,2,51.1,Nao,61.02,0
1472,Engenharia,3,Passag. Tripulante_471,42.1,3,15.0,Nao,63.63,0
1473,Comando,3,Passag. Tripulante_472,31.4,1,4.4,Nao,66.25,0
1474,Engenharia,2,Passag. Tripulante_473,15.1,0,6.4,Sim,119.51,1
1475,Habitacao,2,Passag. Tripulante_474,31.4,0,12.7,Nao,122.35,0
1476,Engenharia,3,Passag. Tripulante_475,,3,34.7,Nao,33.12,0
1477,Comando,3,Ten. Tripulante_476,47.0,0,91.8,Nao,61.92,1
1478,Habitacao,3,Passag. Tripulante_477,31.3,0,60.4,Sim,66.08,1
1479,Engenharia,3,Ten. Tripulante_478,43.4,0,77.8,Sim,85.05,1
1480,Habitacao,2,Passag. Tripulante_479,,0,21.6,Nao,109.2,0
1481,Habitacao,3,Cap. Tripulante_480,11.6,1,25.9,Nao,71.63,0
1482,Habitacao,1,Passag. Tripulante_481,20.9,0,25.0,Nao,184.95,1
1483,Habitacao,3,Passag. Tripulante_482,50.8,0,10.7,Nao,56.87,0
1484,Habitacao,1,Ten. Tripulante_483,28.7,0,3.2,Nao,173.94,1
1485,Habitacao,2,Eng. Tripulante_484,29.1,0,44.7,Nao,111.98,0
1486,Engenharia,2,Passag. Tripulante_485,,3,226.5,Nao,114.95,1
1487,Comando,2,Eng. Tripulante_486,54.8,0,9.1,Sim,111.97,1
1488,Laboratorio,3,Passag. Tripulante_487,51.5,0,2.4,Nao,62.68,0
1489,Engenharia,2,Passag. Tripulante_488,58.6,2,75.6,Nao,147.22,0
1490,Engenharia,2,Eng. Tripulante_489,30.1,1,14.6,Sim,128.44,1
1491,Habitacao,2,Cap. Tripulante_490,35.5,2,88.5,Sim,131.02,1
1492,Habitacao,2,Ten. Tripulante_491,13.8,1,60.9,Sim,124.92,1
1493,Laboratorio,2,Passag. Tripulante_492,49.7,0,145.6,Nao,103.94,0
1494,Laboratorio,1,Eng. Tripulante_493,18.0,0,26.3,Sim,173.95,1
1495,Habitacao,3,Passag. Tripulante_494,34.6,0,54.2,Nao,80.73,0
1496,Laboratorio,3,Eng. Tripulante_495,18.8,2,31.3,Nao,61.47,0
1497,Habitacao,3,Passag. Tripulante_496,,1,49.8,Nao,79.65,0
1498,Comando,2,Passag. Tripulante_497,22.0,0,29.9,Nao,127.04,1
1499,Engenharia,2,Passag. Tripulante_498,24.7,0,10.5,Sim,138.52,0
1500,Engenharia,3,Eng. Tripulante_499,,0,35.5,Nao,65.82,0
1501,Habitacao,3,Passag. Tripulante_500,25.4,0,37.6,Nao,59.02,0
1502,Habitacao,2,Passag. Tripulante_501,,1,83.2,Nao,116.38,0
1503,Laboratorio,1,Passag. Tripulante_502,18.7,1,66.5,Sim,184.36,1
1504,Engenharia,2,Passag. Tripulante_503,34.6,0,54.5,Nao,101.72,0
1505,Habitacao,2,Ten. Tripulante_504,46.6,0,6.0,Nao,99.32,0
1506,Laboratorio,2,Ten. Tripulante_505,25.8,1,63.8,Nao,120.89,0
1507,Engenharia,3,Passag. Tripulante_506,23.4,1,34.7,Nao,65.57,0
1508,Engenharia,3,Eng. Tripulante_507,29.2,1,112.3,Nao,70.08,0
1509,Engenharia,3,Passag. Tripulante_508,46.2,0,126.2,Nao,79.45,0
1510,Habitacao,3,Passag. Tripulante_509,34.3,0,2.8,Nao,64.47,0
1511,Habitacao,3,Dra. Tripulante_510,,0,85.9,Nao,51.27,0
1512,Laboratorio,3,Passag. Tripulante_511,37.8,1,1.9,Sim,90.44,1
1513,Engenharia,3,Eng. Tripulante_512,18.8,0,22.9,Sim,60.03,1
1514,Engenharia,1,Passag. Tripulante_513,40.2,1,39.1,Sim,159.41,1
1515,Comando,1,Passag. Tripulante_514,36.9,2,8.0,Sim,181.04,1
1516,Comando,1,Passag. Tripulante_515,28.3,0,68.6,Sim,166.16,1
1517,Laboratorio,3,Dra. Tripulante_516,21.9,0,0.4,Nao,69.37,0
1518,Engenharia,3,Eng. Tripulante_517,21.4,1,9.2,Sim,74.83,1
1519,Engenharia,2,Passag. Tripulante_518,38.4,3,43.5,Nao,130.84,0
1520,Laboratorio,3,Passag. Tripulante_519,46.7,0,62.7,Sim,66.67,0
1521,Habitacao,1,Passag. Tripulante_520,24.4,1,124.2,Sim,185.2,1
1522,Laboratorio,3,Ten. Tripulante_521,,0,61.1,Sim,48.64,1
1523,Engenharia,2,Cap. Tripulante_522,7.0,1,55.7,Sim,127.6,1
1524,Engenharia,1,Eng. Tripulante_523,25.0,2,25.1,Nao,161.6,0
1525,Engenharia,2,Passag. Tripulante_524,,1,0.1,Nao,133.72,1
1526,Habitacao,2,Cap. Tripulante_525,21.1,0,6.4,Sim,121.42,0
1527,Laboratorio,2,Ten. Tripulante_526,20.8,0,38.2,Nao,113.27,0
1528,Laboratorio,2,Passag. Tripulante_527,24.0,0,56.2,Nao,126.63,1
1529,Comando,3,Dra. Tripulante_528,35.5,1,27.0,Nao,78.93,0
1530,Engenharia,3,Passag. Tripulante_529,29.8,0,65.6,Nao,76.42,0
1531,Engenharia,2,Passag. Tripulante_530,,0,36.9,Nao,109.7,0
1532,Engenharia,3,Passag. Tripulante_531,6.6,2,3.9,Nao,65.16,0
1533,Engenharia,3,Cap. Tripulante_532,24.7,0,10.7,Nao,69.96,0
1534,Habitacao,2,Dra. Tripulante_533,37.5,0,91.6,Sim,119.59,1
1535,Habitacao,2,Passag. Tripulante_534,,0,64.5,Nao,127.5,0
1536,Engenharia,1,Passag. Tripulante_535,26.0,2,112.6,Nao,149.85,1
1537,Engenharia,1,Passag. Tripulante_536,25.7,0,6.3,Nao,173.34,0
1538,Laboratorio,3,Ten. Tripulante_537,48.7,0,231.4,Nao,67.1,1
1539,Habitacao,1,Passag. Tripulante_538,27.4,1,11.7,Nao,161.61,0
1540,Comando,3,Passag. Tripulante_539,36.6,2,0.6,Sim,62.58,1
1541,Engenharia,3,Passag. Tripulante_540,33.7,2,298.1,Nao,67.85,1
1542,Habitacao,1,Passag. Tripulante_541,6.4,0,16.5,Nao,133.99,1
1543,Laboratorio,3,Passag. Tripulante_542,41.2,0,55.1,Nao,62.99,0
1544,Habitacao,2,Passag. Tripulante_543,34.6,2,9.7,Nao,111.24,0
1545,Habitacao,3,Dra. Tripulante_544,38.1,3,43.4,Nao,75.33,0
1546,Laboratorio,2,Eng. Tripulante_545,79.1,1,117.2,Sim,111.94,1
1547,Comando,3,Dra. Tripulante_546,,2,19.3,Nao,67.85,0
1548,Habitacao,3,Eng. Tripulante_547,52.7,2,55.5,Nao,85.42,0
1549,Habitacao,1,Eng. Tripulante_548,28.6,1,10.4,Nao,179.94,1
1550,Habitacao,3,Dra. Tripulante_549,35.4,0,49.0,Sim,79.02,1
1551,Habitacao,3,Eng. Tripulante_550,31.5,0,20.5,Nao,65.0,0
1552,Engenharia,3,Ten. Tripulante_551,26.9,0,11.9,Nao,75.43,0
1553,Habitacao,3,Passag. Tripulante_552,25.2,1,18.8,Nao,67.66,1
1554,Habitacao,3,Passag. Tripulante_553,36.0,2,9.9,Nao,68.04,0
1555,Engenharia,2,Dra. Tripulante_554,13.8,0,116.1,Nao,124.1,0
1556,Laboratorio,2,Passag. Tripulante_555,,1,25.3,Sim,114.03,1
1557,Comando,3,Passag. Tripulante_556,27.0,2,14.1,Sim,84.93,1
1558,Comando,2,Cap. Tripulante_557,18.4,1,29.7,Nao,118.4,1
1559,Habitacao,3,Dra. Tripulante_558,26.6,0,19.3,Nao,76.18,0
1560,Habitacao,3,Passag. Tripulante_559,47.1,1,68.2,Sim,84.56,1
1561,Habitacao,2,Passag. Tripulante_560,,1,177.4,Sim,130.32,1
1562,Laboratorio,2,Passag. Tripulante_561,36.3,1,28.8,Sim,105.91,0
1563,Comando,3,Dra. Tripulante_562,23.2,1,98.7,Nao,74.45,1
1564,Comando,2,Dra. Tripulante_563,41.1,0,41.7,Sim,128.51,1
1565,Laboratorio,3,Eng. Tripulante_564,40.2,1,8.6,Nao,78.92,0
1566,Habitacao,2,Cap. Tripulante_565,54.2,2,58.7,Nao,108.87,0
1567,Laboratorio,3,Ten. Tripulante_566,,1,36.0,Sim,63.43,0
1568,Laboratorio,1,Cap. Tripulante_567,40.0,2,52.6,Nao,179.95,1
1569,Engenharia,3,Passag. Tripulante_568,33.2,1,110.2,Sim,62.38,1
1570,Laboratorio,2,Passag. Tripulante_569,47.6,0,29.0,Nao,117.0,0
1571,Habitacao,3,Eng. Tripulante_570,23.4,0,115.7,Sim,85.76,1
1572,Habitacao,1,Passag. Tripulante_571,40.9,1,69.4,Nao,169.52,1
1573,Laboratorio,3,Eng. Tripulante_572,29.7,2,33.5,Nao,62.73,0
1574,Habitacao,3,Eng. Tripulante_573,31.2,0,46.2,Sim,61.22,0
1575,Engenharia,2,Ten. Tripulante_574,33.1,1,19.7,Sim,123.33,1
1576,Engenharia,1,Passag. Tripulante_575,35.0,1,205.5,Nao,156.67,1
1577,Comando,1,Passag. Tripulante_576,30.6,1,55.0,Sim,167.53,1
1578,Engenharia,3,Passag. Tripulante_577,34.6,0,2.2,Nao,73.33,0
1579,Habitacao,3,Eng. Tripulante_578,50.9,0,19.8,Nao,82.99,0
1580,Laboratorio,3,Passag. Tripulante_579,43.8,0,48.8,Nao,76.68,0
1581,Habitacao,2,Ten. Tripulante_580,42.4,0,2.9,Nao,112.86,0
1582,Engenharia,2,Passag. Tripulante_581,26.5,1,1.2,Nao,131.78,0
1583,Habitacao,3,Passag. Tripulante_582,21.3,0,29.9,Nao,67.0,0
1584,Laboratorio,2,Eng. Tripulante_583,43.5,1,20.2,Nao,107.64,0
1585,Habitacao,3,Passag. Tripulante_584,42.5,0,28.8,Sim,68.28,1
1586,Laboratorio,1,Passag. Tripulante_585,49.7,0,15.2,Sim,184.38,1
1587,Comando,3,Dra. Tripulante_586,24.8,2,9.0,Nao,71.65,1
1588,Comando,2,Passag. Tripulante_587,29.2,1,58.4,Nao,120.13,1
1589,Comando,2,Ten. Tripulante_588,12.3,1,36.1,Nao,136.37,1
1590,Laboratorio,3,Passag. Tripulante_589,,1,11.2,Sim,55.69,1
1591,Comando,3,Passag. Tripulante_590,44.0,0,19.3,Nao,57.14,1
1592,Habitacao,3,Passag. Tripulante_591,26.4,0,44.8,Sim,53.84,1
1593,Laboratorio,1,Passag. Tripulante_592,,1,3.7,Sim,173.73,1
1594,Laboratorio,1,Passag. Tripulante_593,29.7,1,8.0,Nao,171.66,0
1595,Engenharia,3,Ten. Tripulante_594,35.9,0,3.8,Sim,85.43,0
1596,Habitacao,3,Passag. Tripulante_595,18.2,1,83.7,Nao,72.43,0
1597,Habitacao,2,Cap. Tripulante_596,33.0,1,69.8,Sim,115.96,1
1598,Laboratorio,1,Eng. Tripulante_597,,1,70.0,Nao,170.02,0
1599,Laboratorio,1,Cap. Tripulante_598,29.8,0,63.0,Nao,171.18,0
1600,Comando,3,Ten. Tripulante_599,12.4,1,55.3,Sim,53.28,1
1601,Laboratorio,1,Passag. Tripulante_600,46.5,0,32.4,Sim,197.1,1
1602,Laboratorio,2,Dra. Tripulante_601,41.3,1,51.4,Nao,125.2,0
1603,Laboratorio,2,Passag. Tripulante_602,37.6,1,2.0,Nao,122.1,0
1604,Comando,2,Eng. Tripulante_603,50.3,0,48.6,Nao,126.15,0
1605,Comando,1,Dra. Tripulante_604,20.6,0,75.2,Sim,177.09,1
1606,Habitacao,3,Passag. Tripulante_605,53.0,2,34.7,Nao,68.59,0
1607,Laboratorio,1,Dra. Tripulante_606,43.2,0,22.1,Nao,163.69,0
1608,Laboratorio,3,Cap. Tripulante_607,29.2,1,16.2,Nao,75.99,0
1609,Habitacao,2,Passag. Tripulante_608,45.6,3,51.5,Nao,123.86,1
1610,Habitacao,3,Dra. Tripulante_609,18.7,1,59.0,Sim,61.9,1
1611,Comando,3,Passag. Tripulante_610,22.1,1,102.4,Sim,84.19,1
1612,Habitacao,3,Dra. Tripulante_611,24.7,1,21.0,Nao,72.93,0
1613,Habitacao,3,Ten. Tripulante_612,25.7,1,73.4,Nao,77.3,0
1614,Comando,2,Passag. Tripulante_613,19.3,1,41.2,Sim,133.92,1
1615,Engenharia,2,Eng. Tripulante_614,46.7,0,107.2,Nao,120.22,0
1616,Engenharia,3,Ten. Tripulante_615,28.9,1,37.5,Sim,73.17,1
1617,Comando,3,Eng. Tripulante_616,,1,36.5,Sim,78.1,1
1618,Laboratorio,3,Cap. Tripulante_617,25.2,2,43.1,Sim,62.75,1
1619,Engenharia,3,Passag. Tripulante_618,10.2,0,69.2,Sim,70.54,1
1620,Habitacao,3,Eng. Tripulante_619,35.2,4,167.2,Nao,71.26,1
1621,Laboratorio,2,Passag. Tripulante_620,9.1,1,3.8,Nao,110.44,0
1622,Laboratorio,1,Passag. Tripulante_621,31.2,0,2.7,Sim,193.18,1
1623,Laboratorio,3,Eng. Tripulante_622,15.6,1,138.7,Sim,55.93,1
1624,Habitacao,3,Passag. Tripulante_623,55.8,1,37.7,Nao,57.02,0
1625,Habitacao,1,Eng. Tripulante_624,42.9,0,47.7,Sim,183.14,1
1626,Laboratorio,3,Passag. Tripulante_625,33.3,1,32.9,Nao,77.13,0
1627,Habitacao,2,Dra. Tripulante_626,47.2,0,4.9,Sim,109.74,0
1628,Habitacao,3,Passag. Tripulante_627,21.8,3,73.1,Nao,76.07,0
1629,Comando,1,Eng. Tripulante_628,38.5,1,68.8,Sim,184.68,1
1630,Laboratorio,2,Eng. Tripulante_629,34.4,0,18.7,Sim,119.7,1
1631,Habitacao,3,Passag. Tripulante_630,35.2,3,18.3,Sim,95.99,1
1632,Engenharia,2,Passag. Tripulante_631,47.3,1,91.0,Sim,102.76,1
1633,Habitacao,3,Dra. Tripulante_632,40.8,1,3.8,Nao,76.94,0
1634,Habitacao,3,Ten. Tripulante_633,35.5,0,106.5,Nao,81.67,0
1635,Comando,3,Passag. Tripulante_634,12.1,2,14.8,Sim,78.91,1
1636,Laboratorio,2,Passag. Tripulante_635,20.5,0,44.9,Sim,117.96,1
1637,Habitacao,2,Passag. Tripulante_636,30.5,1,137.4,Nao,117.1,0
1638,Laboratorio,1,Passag. Tripulante_637,33.1,0,56.7,Nao,174.44,1
1639,Laboratorio,3,Passag. Tripulante_638,18.4,0,26.8,Nao,78.16,0
1640,Laboratorio,3,Passag. Tripulante_639,60.9,0,58.5,Nao,76.02,0
1641,Comando,3,Cap. Tripulante_640,50.2,2,21.1,Nao,80.4,0
1642,Laboratorio,3,Ten. Tripulante_641,39.2,2,16.2,Nao,59.81,0
1643,Laboratorio,3,Passag. Tripulante_642,,0,285.4,Nao,67.72,1
1644,Laboratorio,3,Passag. Tripulante_643,29.5,0,69.5,Nao,60.6,0
1645,Comando,1,Dra. Tripulante_644,20.6,0,51.7,Sim,166.14,1
1646,Engenharia,3,Eng. Tripulante_645,,2,21.9,Sim,80.15,1
1647,Habitacao,1,Passag. Tripulante_646,35.1,1,2.5,Sim,171.08,1
1648,Habitacao,3,Passag. Tripulante_647,17.1,2,1.6,Nao,96.07,0
1649,Habitacao,3,Eng. Tripulante_648,36.0,1,40.4,Nao,71.93,0
1650,Habitacao,3,Eng. Tripulante_649,,1,71.8,Nao,70.6,0
1651,Comando,1,Ten. Tripulante_650,9.1,0,38.5,Sim,171.06,1
1652,Habitacao,2,Eng. Tripulante_651,21.7,1,91.9,Nao,113.62,0
1653,Habitacao,2,Eng. Tripulante_652,,0,1.7,Nao,119.42,0
1654,Habitacao,2,Dra. Tripulante_653,54.7,1,22.8,Sim,131.28,0
1655,Laboratorio,1,Passag. Tripulante_654,,1,13.5,Nao,171.14,0
1656,Comando,3,Eng. Tripulante_655,16.0,2,29.6,Nao,62.07,1
1657,Laboratorio,3,Passag. Tripulante_656,37.8,3,3.8,Nao,60.75,0
1658,Laboratorio,2,Passag. Tripulante_657,13.4,0,154.1,Nao,115.5,0
1659,Habitacao,2,Ten. Tripulante_658,45.0,1,12.6,Nao,120.74,0
1660,Habitacao,2,Passag. Tripulante_659,26.3,1,127.8,Nao,131.94,0
1661,Laboratorio,3,Eng. Tripulante_660,30.9,0,27.7,Nao,56.6,0
1662,Engenharia,3,Passag. Tripulante_661,47.9,0,211.8,Nao,66.8,1
1663,Habitacao,3,Ten. Tripulante_662,16.6,0,40.4,Sim,71.44,1
1664,Laboratorio,2,Passag. Tripulante_663,15.2,2,133.6,Nao,101.66,1
1665,Comando,3,Passag. Tripulante_664,25.0,1,0.3,Sim,61.66,1
1666,Laboratorio,3,Cap. Tripulante_665,44.5,1,69.0,Sim,63.2,0
1667,Laboratorio,2,Ten. Tripulante_666,13.8,3,116.7,Nao,112.04,0
1668,Laboratorio,3,Passag. Tripulante_667,1.0,2,7.5,Nao,71.92,0
1669,Laboratorio,1,Passag. Tripulante_668,26.6,2,5.1,Nao,168.39,0
1670,Laboratorio,3,Eng. Tripulante_669,38.6,1,27.6,Sim,64.45,0
1671,Laboratorio,2,Passag. Tripulante_670,46.4,1,135.7,Sim,124.28,1
1672,Engenharia,3,Eng. Tripulante_671,26.4,1,39.1,Sim,87.23,1
1673,Comando,3,Passag. Tripulante_672,27.1,0,37.5,Sim,86.39,1
1674,Habitacao,3,Ten. Tripulante_673,45.8,2,7.6,Nao,50.77,0
1675,Laboratorio,3,Passag. Tripulante_674,9.6,0,0.0,Sim,75.77,1
1676,Engenharia,2,Cap. Tripulante_675,27.3,1,83.1,Nao,118.22,0
1677,Comando,1,Eng. Tripulante_676,34.3,0,4.6,Sim,171.55,1
1678,Laboratorio,2,Dra. Tripulante_677,37.4,0,50.2,Nao,116.02,0
1679,Engenharia,1,Ten. Tripulante_678,,0,123.0,Sim,171.18,1
1680,Engenharia,3,Passag. Tripulante_679,32.4,1,11.7,Sim,71.51,1
1681,Engenharia,2,Cap. Tripulante_680,2.1,0,54.7,Sim,114.21,1
1682,Laboratorio,3,Passag. Tripulante_681,24.1,0,4.1,Nao,61.04,0
1683,Laboratorio,3,Dra. Tripulante_682,37.4,0,46.3,Nao,65.51,0
1684,Habitacao,3,Eng. Tripulante_683,20.2,1,9.0,Nao,72.34,0
1685,Engenharia,1,Eng. Tripulante_684,32.7,0,66.6,Nao,175.99,1
1686,Habitacao,3,Dra. Tripulante_685,37.4,1,17.9,Sim,78.53,1
1687,Habitacao,3,Ten. Tripulante_686,27.9,0,31.1,Nao,65.06,0
1688,Laboratorio,2,Eng. Tripulante_687,34.0,4,45.7,Nao,122.84,0
1689,Habitacao,3,Eng. Tripulante_688,20.4,0,9.4,Sim,79.63,1
1690,Laboratorio,3,Eng. Tripulante_689,29.5,3,67.7,Sim,81.66,0
1691,Laboratorio,1,Passag. Tripulante_690,39.3,0,18.0,Sim,169.41,1
1692,Laboratorio,3,Passag. Tripulante_691,33.9,3,54.3,Sim,67.79,1
1693,Habitacao,2,Dra. Tripulante_692,25.0,0,8.6,Nao,121.91,0
1694,Laboratorio,1,Eng. Tripulante_693,34.7,0,58.3,Sim,158.5,1
1695,Comando,2,Passag. Tripulante_694,40.6,1,6.9,Sim,118.06,1
1696,Habitacao,1,Passag. Tripulante_695,7.4,0,27.7,Sim,177.45,1
1697,Laboratorio,1,Passag. Tripulante_696,45.9,1,14.2,Nao,176.42,0
1698,Habitacao,1,Eng. Tripulante_697,28.0,1,69.0,Nao,167.3,1
1699,Laboratorio,3,Passag. Tripulante_698,37.1,2,15.2,Sim,72.18,1
1700,Habitacao,3,Passag. Tripulante_699,46.4,1,106.7,Sim,61.75,1
1701,Habitacao,3,Passag. Tripulante_700,15.5,0,111.2,Sim,77.03,1
1702,Comando,2,Passag. Tripulante_701,23.5,0,10.9,Nao,119.22,0
1703,Laboratorio,2,Ten. Tripulante_702,28.5,2,47.6,Sim,117.24,1
1704,Comando,3,Dra. Tripulante_703,22.6,1,4.6,Nao,66.38,1
1705,Comando,2,Passag. Tripulante_704,52.8,2,24.8,Nao,119.37,0
1706,Engenharia,1,Passag. Tripulante_705,,1,62.5,Nao,165.52,1
1707,Laboratorio,3,Ten. Tripulante_706,25.3,1,53.9,Sim,76.58,1
1708,Engenharia,2,Cap. Tripulante_707,34.5,0,49.0,Nao,116.05,0
1709,Laboratorio,3,Dra. Tripulante_708,17.6,0,16.6,Nao,85.93,0
1710,Habitacao,3,Cap. Tripulante_709,27.3,0,23.7,Sim,84.65,0
1711,Habitacao,1,Passag. Tripulante_710,35.8,1,5.4,Sim,161.08,1
1712,Habitacao,1,Passag. Tripulante_711,28.0,0,63.5,Sim,170.7,1
1713,Habitacao,3,Eng. Tripulante_712,30.9,2,35.0,Sim,63.49,1
1714,Laboratorio,2,Eng. Tripulante_713,25.6,0,61.7,Sim,116.73,1
1715,Laboratorio,1,Dra. Tripulante_714,13.8,2,14.3,Nao,190.02,1
1716,Engenharia,3,Cap. Tripulante_715,35.9,0,19.6,Nao,66.92,0
1717,Engenharia,1,Passag. Tripulante_716,53.1,0,20.3,Nao,173.6,0
1718,Engenharia,3,Passag. Tripulante_717,32.2,1,1.3,Sim,75.41,0
1719,Comando,3,Passag. Tripulante_718,34.7,0,20.9,Nao,59.99,0
1720,Habitacao,2,Dra. Tripulante_719,40.3,1,81.3,Sim,111.45,1
1721,Engenharia,1,Passag. Tripulante_720,16.8,0,113.8,Nao,157.94,1
1722,Laboratorio,1,Passag. Tripulante_721,52.4,0,36.5,Sim,161.14,1
1723,Comando,2,Passag. Tripulante_722,34.4,1,30.4,Sim,91.5,1
1724,Habitacao,1,Eng. Tripulante_723,51.6,0,1.6,Nao,175.45,0
1725,Habitacao,3,Eng. Tripulante_724,23.2,1,105.7,Sim,90.54,1
1726,Engenharia,1,Eng. Tripulante_725,53.8,2,0.7,Nao,171.48,0
1727,Comando,3,Dra. Tripulante_726,41.3,0,144.8,Nao,55.84,1
1728,Habitacao,3,Ten. Tripulante_727,38.6,3,33.6,Nao,63.57,0
1729,Laboratorio,3,Ten. Tripulante_728,34.8,0,20.9,Nao,65.41,0
1730,Laboratorio,3,Eng. Tripulante_729,29.0,1,129.0,Nao,59.82,1
1731,Laboratorio,2,Passag. Tripulante_730,46.4,1,1.2,Sim,128.6,1
1732,Engenharia,3,Eng. Tripulante_731,33.7,0,43.5,Nao,78.1,0
1733,Habitacao,3,Dra. Tripulante_732,,1,39.8,Nao,58.45,0
1734,Habitacao,2,Passag. Tripulante_733,,0,12.4,Sim,127.25,0
1735,Laboratorio,1,Passag. Tripulante_734,29.8,0,28.0,Sim,185.27,1
1736,Engenharia,3,Passag. Tripulante_735,35.7,2,52.8,Nao,89.03,0
1737,Laboratorio,2,Passag. Tripulante_736,31.3,0,64.9,Nao,148.65,0
1738,Engenharia,1,Passag. Tripulante_737,46.6,0,0.0,Nao,160.98,0
1739,Laboratorio,2,Passag. Tripulante_738,8.6,2,138.1,Sim,148.24,1
1740,Laboratorio,2,Dra. Tripulante_739,33.7,1,9.0,Nao,116.46,0
1741,Habitacao,3,Eng. Tripulante_740,10.2,1,13.3,Sim,64.08,1
1742,Laboratorio,3,Ten. Tripulante_741,41.1,0,15.3,Nao,73.27,0
1743,Habitacao,3,Ten. Tripulante_742,30.9,0,1.9,Nao,64.18,0
1744,Habitacao,1,Ten. Tripulante_743,37.0,2,6.6,Sim,173.99,1
1745,Laboratorio,2,Passag. Tripulante_744,21.6,2,214.7,Nao,106.8,0
1746,Engenharia,2,Passag. Tripulante_745,47.4,0,18.9,Nao,117.61,0
1747,Laboratorio,1,Passag. Tripulante_746,44.5,0,6.1,Nao,182.86,1
1748,Habitacao,2,Ten. Tripulante_747,39.0,1,5.7,Nao,119.43,0
1749,Engenharia,3,Passag. Tripulante_748,,0,63.6,Nao,71.42,1
1750,Habitacao,1,Passag. Tripulante_749,39.0,1,96.4,Nao,174.75,1
1751,Comando,3,Eng. Tripulante_750,23.5,0,14.8,Sim,81.71,1
1752,Engenharia,2,Passag. Tripulante_751,42.3,0,1.1,Sim,103.45,0
1753,Habitacao,1,Cap. Tripulante_752,51.8,1,12.6,Sim,175.85,1
1754,Laboratorio,2,Eng. Tripulante_753,44.8,1,2.9,Nao,117.32,0
1755,Comando,3,Passag. Tripulante_754,23.2,2,5.5,Nao,71.67,0
1756,Habitacao,3,Cap. Tripulante_755,36.3,1,28.2,Sim,80.6,1
1757,Habitacao,3,Eng. Tripulante_756,16.5,0,13.1,Nao,58.06,0
1758,Habitacao,2,Passag. Tripulante_757,38.9,1,36.3,Nao,109.87,0
1759,Engenharia,1,Passag. Tripulante_758,37.4,1,14.6,Nao,150.65,0
1760,Habitacao,3,Dra. Tripulante_759,,2,141.1,Sim,64.51,1
1761,Laboratorio,2,Ten. Tripulante_760,18.1,1,118.2,Nao,133.3,0
1762,Laboratorio,3,Dra. Tripulante_761,28.6,1,41.8,Sim,68.79,1
1763,Laboratorio,1,Passag. Tripulante_762,28.4,1,21.9,Sim,156.6,1
1764,Habitacao,2,Eng. Tripulante_763,17.5,0,24.0,Nao,115.14,0
1765,Comando,1,Ten. Tripulante_764,36.7,4,26.5,Sim,155.12,1
1766,Habitacao,2,Passag. Tripulante_765,35.0,1,65.0,Sim,108.75,1
1767,Habitacao,3,Passag. Tripulante_766,29.7,0,30.0,Nao,73.89,0
1768,Engenharia,2,Ten. Tripulante_767,22.9,0,97.2,Sim,108.26,1
1769,Laboratorio,2,Passag. Tripulante_768,44.6,0,144.2,Nao,131.13,0
1770,Engenharia,2,Passag. Tripulante_769,51.9,0,20.5,Sim,119.29,0
1771,Comando,2,Dra. Tripulante_770,,0,41.1,Sim,120.86,1
1772,Engenharia,3,Cap. Tripulante_771,24.7,0,5.0,Sim,67.22,0
1773,Comando,3,Passag. Tripulante_772,37.9,0,11.2,Sim,77.73,1
1774,Laboratorio,3,Eng. Tripulante_773,27.7,1,26.7,Nao,77.83,0
1775,Habitacao,3,Passag. Tripulante_774,30.3,0,11.5,Nao,73.35,0
1776,Comando,2,Eng. Tripulante_775,40.9,3,104.6,Nao,125.65,0
1777,Laboratorio,3,Dra. Tripulante_776,9.1,1,8.6,Nao,67.88,0
1778,Habitacao,2,Ten. Tripulante_777,47.8,0,30.4,Sim,125.42,1
1779,Habitacao,2,Eng. Tripulante_778,32.9,0,46.5,Nao,116.62,0
1780,Habitacao,3,Ten. Tripulante_779,27.1,1,58.9,Nao,70.02,0
1781,Habitacao,1,Dra. Tripulante_780,30.9,0,24.1,Nao,167.25,1
1782,Habitacao,3,Passag. Tripulante_781,,0,101.7,Sim,65.43,1
1783,Laboratorio,2,Passag. Tripulante_782,11.2,2,42.0,Nao,113.11,0
1784,Laboratorio,3,Passag. Tripulante_783,49.9,1,28.9,Nao,74.68,0
1785,Laboratorio,3,Passag. Tripulante_784,32.5,1,3.5,Sim,83.11,1
1786,Engenharia,3,Ten. Tripulante_785,37.3,1,31.2,Nao,81.71,0
1787,Habitacao,3,Passag. Tripulante_786,43.4,1,85.9,Sim,57.43,0
1788,Laboratorio,3,Ten. Tripulante_787,19.7,0,47.7,Nao,82.89,0
1789,Habitacao,1,Passag. Tripulante_788,37.7,0,89.2,Nao,166.82,0
1790,Engenharia,3,Passag. Tripulante_789,28.8,1,34.1,Nao,76.01,0
1791,Laboratorio,1,Passag. Tripulante_790,42.2,1,6.3,Nao,160.94,0
1792,Habitacao,3,Passag. Tripulante_791,6.5,2,0.7,Sim,71.42,1
1793,Habitacao,3,Passag. Tripulante_792,30.8,2,18.1,Nao,73.14,0
1794,Habitacao,3,Cap. Tripulante_793,24.8,1,59.9,Nao,55.15,0
1795,Comando,1,Eng. Tripulante_794,37.2,1,78.1,Sim,176.08,1
1796,Engenharia,1,Passag. Tripulante_795,37.6,0,17.5,Nao,183.46,0
1797,Engenharia,3,Dra. Tripulante_796,23.5,0,34.2,Nao,68.25,0
1798,Habitacao,1,Passag. Tripulante_797,23.5,1,27.3,Sim,183.6,1
1799,Habitacao,1,Passag. Tripulante_798,30.7,2,26.4,Sim,168.1,1
1800,Engenharia,1,Ten. Tripulante_799,21.2,1,13.2,Sim,178.5,1
1801,Habitacao,3,Passag. Tripulante_800,42.1,0,7.3,Nao,47.81,0
1802,Laboratorio,3,Passag. Tripulante_801,27.6,3,11.0,Nao,94.19,1
1803,Habitacao,2,Passag. Tripulante_802,1.0,0,2.8,Nao,134.95,0
1804,Habitacao,2,Passag. Tripulante_803,27.5,0,11.0,Nao,117.15,0
1805,Laboratorio,2,Passag. Tripulante_804,19.5,0,0.5,Nao,100.28,0
1806,Habitacao,3,Passag. Tripulante_805,12.4,0,49.3,Nao,72.88,1
1807,Engenharia,3,Passag. Tripulante_806,17.2,1,19.0,Sim,55.56,1
1808,Engenharia,1,Ten. Tripulante_807,,1,180.9,Nao,174.45,1
1809,Habitacao,1,Eng. Tripulante_808,47.9,1,10.8,Nao,174.12,0
1810,Comando,1,Passag. Tripulante_809,35.8,0,21.2,Nao,160.59,1
1811,Engenharia,3,Ten. Tripulante_810,24.7,0,22.1,Nao,81.21,0
1812,Engenharia,3,Passag. Tripulante_811,37.5,2,0.4,Sim,78.06,1
1813,Comando,2,Passag. Tripulante_812,26.5,0,91.4,Nao,129.76,1
1814,Engenharia,1,Ten. Tripulante_813,23.7,1,1.6,Sim,170.09,1
1815,Engenharia,1,Passag. Tripulante_814,18.1,0,140.8,Nao,155.84,1
1816,Habitacao,3,Passag. Tripulante_815,11.0,2,111.3,Sim,79.78,1
1817,Habitacao,2,Eng. Tripulante_816,27.3,0,38.3,Nao,117.3,0
1818,Laboratorio,3,Dra. Tripulante_817,33.9,1,39.2,Sim,56.1,1
1819,Comando,3,Dra. Tripulante_818,30.8,0,53.0,Sim,83.52,1
1820,Laboratorio,2,Eng. Tripulante_819,,2,24.5,Sim,140.99,1
1821,Engenharia,2,Passag. Tripulante_820,20.7,2,52.1,Sim,119.59,0
1822,Comando,1,Ten. Tripulante_821,39.3,1,2.3,Sim,191.59,1
1823,Laboratorio,3,Passag. Tripulante_822,16.2,0,2.8,Nao,70.91,0
1824,Laboratorio,3,Ten. Tripulante_823,,1,30.6,Nao,66.2,0
1825,Habitacao,3,Eng. Tripulante_824,20.0,0,39.9,Sim,63.7,1
1826,Engenharia,3,Passag. Tripulante_825,23.0,0,109.4,Sim,86.37,1
1827,Laboratorio,1,Passag. Tripulante_826,14.4,1,5.5,Nao,162.2,1
1828,Laboratorio,3,Dra. Tripulante_827,,2,86.5,Nao,77.35,0
1829,Habitacao,3,Eng. Tripulante_828,43.7,0,11.8,Nao,64.41,0
1830,Habitacao,2,Dra. Tripulante_829,38.2,0,25.1,Nao,115.4,0
1831,Laboratorio,3,Eng. Tripulante_830,43.7,0,19.0,Sim,80.3,0
1832,Habitacao,3,Passag. Tripulante_831,38.3,0,25.6,Sim,66.2,1
1833,Comando,3,Ten. Tripulante_832,18.8,3,8.2,Sim,65.95,1
1834,Laboratorio,3,Cap. Tripulante_833,28.0,1,35.0,Nao,81.33,0
1835,Habitacao,3,Eng. Tripulante_834,,0,80.9,Nao,85.97,0
1836,Laboratorio,3,Passag. Tripulante_835,48.0,2,29.1,Nao,76.45,0
1837,Engenharia,1,Passag. Tripulante_836,17.6,0,33.7,Sim,163.45,1
1838,Laboratorio,2,Dra. Tripulante_837,42.7,0,94.4,Sim,114.89,1
1839,Habitacao,3,Passag. Tripulante_838,42.7,1,61.2,Sim,70.8,1
1840,Habitacao,2,Eng. Tripulante_839,54.0,1,33.7,Nao,123.21,0
1841,Comando,2,Eng. Tripulante_840,27.1,0,14.9,Sim,110.12,1
1842,Habitacao,2,Passag. Tripulante_841,,1,108.1,Nao,127.23,0
1843,Laboratorio,2,Passag. Tripulante_842,59.4,0,43.0,Sim,120.86,1
1844,Engenharia,3,Passag. Tripulante_843,24.6,4,12.5,Nao,52.84,0
1845,Comando,3,Passag. Tripulante_844,,2,15.7,Nao,60.71,0
1846,Laboratorio,2,Eng. Tripulante_845,,0,81.3,Nao,114.96,1
1847,Comando,1,Passag. Tripulante_846,40.6,0,2.3,Nao,169.27,1
1848,Engenharia,1,Cap. Tripulante_847,9.4,1,242.0,Nao,188.89,1
1849,Habitacao,3,Passag. Tripulante_848,,1,7.0,Nao,72.38,0
1850,Habitacao,3,Eng. Tripulante_849,37.2,0,79.5,Nao,61.59,1
1851,Comando,2,Passag. Tripulante_850,34.2,1,25.1,Nao,122.21,0
1852,Habitacao,3,Ten. Tripulante_851,37.1,0,33.9,Nao,66.48,0
1853,Laboratorio,3,Ten. Tripulante_852,34.7,0,106.3,Nao,73.25,1
1854,Engenharia,3,Passag. Tripulante_853,,1,26.6,Nao,75.81,0
1855,Laboratorio,3,Ten. Tripulante_854,20.6,2,38.6,Nao,82.09,1
1856,Laboratorio,2,Passag. Tripulante_855,23.9,0,2.5,Sim,119.76,1
1857,Comando,3,Ten. Tripulante_856,22.7,0,0.1,Sim,86.39,1
1858,Habitacao,2,Dra. Tripulante_857,42.0,1,14.0,Nao,129.08,0
1859,Habitacao,3,Dra. Tripulante_858,42.8,0,57.1,Nao,62.93,0
1860,Comando,3,Ten. Tripulante_859,37.4,1,6.5,Nao,92.1,0
1861,Habitacao,3,Passag. Tripulante_860,46.2,0,6.0,Nao,73.27,0
1862,Habitacao,3,Cap. Tripulante_861,,0,26.5,Nao,61.65,0
1863,Habitacao,1,Passag. Tripulante_862,52.0,3,52.2,Nao,186.53,0
1864,Laboratorio,3,Passag. Tripulante_863,50.3,3,62.3,Sim,90.78,1
1865,Laboratorio,3,Eng. Tripulante_864,40.8,1,9.8,Nao,69.67,0
1866,Habitacao,3,Passag. Tripulante_865,53.4,0,4.1,Nao,64.96,0
1867,Laboratorio,1,Passag. Tripulante_866,12.1,1,141.0,Sim,168.28,1
1868,Laboratorio,1,Passag. Tripulante_867,25.7,1,15.1,Nao,177.15,0
1869,Engenharia,1,Cap. Tripulante_868,23.2,2,96.0,Nao,182.78,1
1870,Engenharia,3,Eng. Tripulante_869,40.7,0,99.6,Sim,75.7,0
1871,Laboratorio,3,Passag. Tripulante_870,19.4,0,74.0,Sim,71.02,1
1872,Laboratorio,2,Passag. Tripulante_871,41.1,1,9.2,Nao,134.98,0
1873,Habitacao,3,Passag. Tripulante_872,48.4,2,86.2,Sim,66.87,1
1874,Laboratorio,3,Eng. Tripulante_873,40.3,0,73.3,Sim,80.31,1
1875,Comando,3,Passag. Tripulante_874,35.4,0,45.4,Sim,67.12,1
1876,Laboratorio,3,Eng. Tripulante_875,20.1,1,20.6,Nao,74.31,0
1877,Habitacao,3,Eng. Tripulante_876,,0,15.2,Nao,68.86,0
1878,Habitacao,3,Ten. Tripulante_877,47.0,0,6.5,Nao,69.44,0
1879,Comando,2,Passag. Tripulante_878,41.4,1,35.6,Sim,116.23,1
1880,Laboratorio,3,Ten. Tripulante_879,31.5,0,44.0,Nao,83.45,0
1881,Laboratorio,3,Eng. Tripulante_880,27.0,3,22.3,Sim,62.67,0
1882,Habitacao,3,Passag. Tripulante_881,7.7,0,32.3,Sim,62.6,1
1883,Comando,3,Ten. Tripulante_882,19.1,1,22.6,Nao,91.21,1
1884,Comando,3,Dra. Tripulante_883,54.9,2,51.2,Sim,79.78,1
1885,Habitacao,1,Dra. Tripulante_884,16.6,2,115.8,Nao,146.15,1
1886,Laboratorio,2,Passag. Tripulante_885,34.3,1,9.0,Nao,114.35,0
1887,Habitacao,1,Passag. Tripulante_886,,0,24.0,Sim,151.88,1
1888,Laboratorio,2,Eng. Tripulante_887,,0,7.6,Nao,110.49,0
1889,Comando,3,Passag. Tripulante_888,34.2,2,49.0,Nao,38.61,1
1890,Laboratorio,3,Passag. Tripulante_889,43.3,0,65.3,Nao,68.63,0
1891,Habitacao,1,Eng. Tripulante_890,32.1,1,134.3,Sim,158.58,1
1892,Engenharia,2,Passag. Tripulante_891,,1,16.3,Nao,120.6,0
1893,Engenharia,3,Passag. Tripulante_892,12.0,0,150.0,Sim,53.75,1
1894,Laboratorio,2,Passag. Tripulante_893,44.7,0,3.3,Nao,120.83,0
1895,Habitacao,3,Ten. Tripulante_894,29.9,1,46.2,Sim,65.85,1
1896,Laboratorio,3,Passag. Tripulante_895,41.3,1,2.9,Nao,85.02,0
1897,Laboratorio,3,Passag. Tripulante_896,37.3,0,112.1,Sim,84.11,1
1898,Engenharia,1,Cap. Tripulante_897,23.2,1,37.7,Sim,177.85,1
1899,Comando,2,Eng. Tripulante_898,34.7,1,55.3,Nao,116.73,1
1900,Comando,3,Dra. Tripulante_899,9.7,0,89.1,Nao,89.85,1
1901,Laboratorio,3,Ten. Tripulante_900,39.2,0,8.1,Nao,54.47,0
1902,Comando,1,Passag. Tripulante_901,35.6,1,2.0,Nao,155.96,1
1903,Laboratorio,3,Dra. Tripulante_902,39.7,2,105.5,Sim,69.16,1
1904,Habitacao,1,Eng. Tripulante_903,44.7,1,18.9,Nao,192.54,0
1905,Laboratorio,3,Passag. Tripulante_904,36.4,1,6.9,Nao,67.98,0
1906,Engenharia,2,Dra. Tripulante_905,33.8,0,31.6,Sim,118.17,1
1907,Engenharia,3,Passag. Tripulante_906,21.4,0,45.6,Nao,55.58,0
1908,Laboratorio,2,Ten. Tripulante_907,23.5,0,1.6,Nao,129.46,0
1909,Laboratorio,2,Eng. Tripulante_908,46.2,0,16.1,Nao,129.53,0
1910,Laboratorio,1,Eng. Tripulante_909,49.2,0,1.7,Nao,177.89,0
1911,Habitacao,2,Ten. Tripulante_910,29.1,1,27.3,Nao,113.71,0
1912,Laboratorio,3,Dra. Tripulante_911,32.6,0,112.7,Sim,62.93,1
1913,Habitacao,3,Passag. Tripulante_912,21.1,0,202.7,Sim,57.07,1
1914,Laboratorio,2,Passag. Tripulante_913,46.1,2,50.7,Nao,120.84,0
1915,Habitacao,2,Ten. Tripulante_914,40.0,0,8.8,Sim,109.2,1
1916,Laboratorio,3,Passag. Tripulante_915,,1,118.1,Sim,58.23,1
1917,Laboratorio,3,Passag. Tripulante_916,21.5,0,36.3,Nao,65.76,0
1918,Engenharia,3,Passag. Tripulante_917,27.5,0,8.3,Nao,65.11,0
1919,Habitacao,2,Eng. Tripulante_918,34.8,0,127.4,Sim,114.62,0
1920,Comando,2,Eng. Tripulante_919,39.8,0,70.8,Nao,124.66,0
1921,Engenharia,3,Eng. Tripulante_920,29.4,2,65.8,Nao,70.79,0
1922,Habitacao,1,Passag. Tripulante_921,21.5,1,61.8,Sim,167.12,1
1923,Engenharia,3,Passag. Tripulante_922,42.6,0,11.2,Nao,71.83,0
1924,Habitacao,2,Ten. Tripulante_923,40.7,1,11.8,Nao,110.08,0
1925,Laboratorio,3,Eng. Tripulante_924,21.0,0,58.3,Nao,71.05,0
1926,Comando,1,Passag. Tripulante_925,48.3,0,12.4,Nao,171.51,1
1927,Laboratorio,3,Passag. Tripulante_926,,2,28.9,Sim,54.97,1
1928,Habitacao,2,Passag. Tripulante_927,,0,76.2,Nao,129.96,0
1929,Habitacao,3,Passag. Tripulante_928,33.0,0,76.6,Sim,61.19,1
1930,Laboratorio,1,Eng. Tripulante_929,38.6,0,30.2,Nao,170.9,0
1931,Comando,3,Passag. Tripulante_930,21.7,0,78.6,Nao,81.64,1
1932,Engenharia,3,Passag. Tripulante_931,,2,91.2,Nao,79.26,0
1933,Engenharia,3,Dra. Tripulante_932,6.2,1,53.2,Sim,70.34,1
1934,Habitacao,3,Passag. Tripulante_933,42.5,0,13.0,Sim,66.38,1
1935,Laboratorio,3,Passag. Tripulante_934,13.3,3,16.0,Sim,79.48,1
1936,Laboratorio,3,Ten. Tripulante_935,50.0,1,18.9,Nao,76.75,0
1937,Comando,2,Passag. Tripulante_936,28.0,0,6.2,Sim,113.82,1
1938,Engenharia,3,Passag. Tripulante_937,29.5,0,16.0,Nao,62.05,0
1939,Comando,2,Passag. Tripulante_938,24.5,1,11.8,Sim,99.28,1
1940,Habitacao,1,Dra. Tripulante_939,28.5,1,30.4,Nao,171.54,1
1941,Laboratorio,1,Cap. Tripulante_940,49.0,0,119.5,Sim,169.17,1
1942,Habitacao,2,Passag. Tripulante_941,2.1,0,5.5,Nao,131.36,0
1943,Habitacao,3,Cap. Tripulante_942,47.3,1,63.7,Nao,73.59,0
1944,Engenharia,3,Passag. Tripulante_943,36.1,1,58.1,Nao,83.34,0
1945,Laboratorio,3,Passag. Tripulante_944,17.5,2,5.0,Nao,63.03,0
1946,Comando,3,Ten. Tripulante_945,19.1,0,127.9,Nao,81.38,1
1947,Comando,2,Passag. Tripulante_946,52.1,2,42.0,Nao,114.71,0
1948,Engenharia,1,Passag. Tripulante_947,20.7,0,22.6,Sim,177.78,1
1949,Engenharia,2,Eng. Tripulante_948,18.2,1,70.6,Sim,105.41,1
1950,Habitacao,2,Passag. Tripulante_949,45.6,1,14.9,Nao,122.35,0
1951,Habitacao,1,Passag. Tripulante_950,36.1,0,59.1,Nao,150.15,1
1952,Habitacao,2,Passag. Tripulante_951,,1,2.0,Nao,117.33,0
1953,Laboratorio,3,Passag. Tripulante_952,34.6,0,91.4,Sim,74.4,1
1954,Engenharia,3,Eng. Tripulante_953,19.7,1,29.7,Sim,64.79,1
1955,Laboratorio,3,Passag. Tripulante_954,45.2,3,50.6,Sim,59.5,1
1956,Laboratorio,3,Passag. Tripulante_955,44.7,0,12.5,Sim,78.46,0
1957,Habitacao,3,Passag. Tripulante_956,38.4,2,56.5,Sim,68.97,0
1958,Comando,2,Passag. Tripulante_957,36.3,1,74.0,Sim,115.1,1
1959,Laboratorio,3,Cap. Tripulante_958,53.1,0,32.0,Sim,70.42,1
1960,Habitacao,3,Passag. Tripulante_959,32.0,1,48.1,Nao,96.37,0
1961,Comando,1,Ten. Tripulante_960,17.8,0,30.5,Sim,181.54,1
1962,Habitacao,2,Eng. Tripulante_961,37.4,1,112.3,Nao,131.63,0
1963,Laboratorio,3,Eng. Tripulante_962,57.0,0,34.4,Sim,74.36,1
1964,Laboratorio,2,Passag. Tripulante_963,19.8,0,92.2,Nao,121.66,0
1965,Laboratorio,3,Passag. Tripulante_964,27.7,2,80.8,Nao,46.04,0
1966,Laboratorio,3,Passag. Tripulante_965,37.0,1,26.4,Sim,63.21,1
1967,Habitacao,1,Passag. Tripulante_966,31.4,1,13.1,Nao,165.19,1
1968,Laboratorio,2,Passag. Tripulante_967,20.2,0,26.1,Sim,101.25,1
1969,Habitacao,2,Passag. Tripulante_968,45.5,2,87.5,Nao,108.43,0
1970,Habitacao,1,Eng. Tripulante_969,59.8,0,12.9,Sim,150.19,1
1971,Habitacao,1,Eng. Tripulante_970,34.4,1,37.2,Nao,169.62,1
1972,Engenharia,3,Ten. Tripulante_971,21.2,0,82.0,Nao,78.19,0
1973,Habitacao,2,Passag. Tripulante_972,13.4,0,21.8,Sim,131.07,1
1974,Laboratorio,3,Passag. Tripulante_973,,0,51.4,Nao,74.15,0
1975,Comando,2,Eng. Tripulante_974,45.2,1,14.1,Sim,110.37,1
1976,Laboratorio,3,Dra. Tripulante_975,37.7,0,5.8,Nao,50.68,0
1977,Habitacao,2,Passag. Tripulante_976,32.0,1,79.1,Nao,102.43,0
1978,Comando,2,Dra. Tripulante_977,24.9,0,5.2,Nao,107.31,0
1979,Habitacao,3,Passag. Tripulante_978,18.9,0,15.8,Sim,61.11,1
1980,Habitacao,3,Passag. Tripulante_979,,0,96.6,Nao,68.4,0
1981,Laboratorio,1,Eng. Tripulante_980,43.0,1,21.3,Nao,159.86,1
1982,Habitacao,3,Ten. Tripulante_981,13.5,3,180.7,Sim,73.39,1
1983,Comando,2,Passag. Tripulante_982,51.1,1,194.9,Sim,117.68,1
1984,Comando,2,Passag. Tripulante_983,38.9,1,15.6,Sim,120.11,1
1985,Habitacao,1,Passag. Tripulante_984,48.8,0,2.1,Nao,181.4,0
1986,Habitacao,1,Passag. Tripulante_985,15.9,1,61.0,Sim,158.2,1
1987,Habitacao,3,Dra. Tripulante_986,15.6,1,30.0,Nao,74.19,0
1988,Laboratorio,2,Passag. Tripulante_987,30.2,0,5.3,Sim,119.86,1
1989,Laboratorio,2,Passag. Tripulante_988,38.0,1,61.5,Sim,116.67,1
1990,Engenharia,3,Passag. Tripulante_989,,0,1.6,Nao,78.85,0
1991,Habitacao,3,Ten. Tripulante_990,40.5,1,102.1,Nao,78.79,0
1992,Habitacao,1,Passag. Tripulante_991,29.1,1,7.5,Nao,160.54,0
1993,Laboratorio,3,Passag. Tripulante_992,,1,6.8,Nao,68.18,0
1994,Habitacao,1,Eng. Tripulante_993,46.8,1,9.7,Nao,172.81,1
1995,Laboratorio,3,Ten. Tripulante_994,20.4,1,161.3,Sim,67.27,1
1996,Comando,3,Passag. Tripulante_995,51.5,0,59.1,Sim,75.85,1
1997,Engenharia,3,Ten. Tripulante_996,28.6,1,80.8,Nao,72.81,0
1998,Comando,1,Eng. Tripulante_997,51.1,2,25.3,Nao,188.33,1
1999,Engenharia,1,Cap. Tripulante_998,40.1,1,20.5,Nao,154.7,0
2000,Laboratorio,2,Passag. Tripulante_999,30.4,1,13.4,Sim,118.78,0
